ID,Especialidad_23,Promedio_23,Examen_23,Puntaje final_23,pre_OM_23,OM_23,Progreso_23,Pc_puntaje_final_23,Pc_examen_23,Especialidad_22,Promedio_22,Examen_22,Puntaje final_22,pre_OM_22,OM_22,Progreso_22,Pc_puntaje_final_22,Pc_examen_22
384c2b3a-071e-44e5-9d47-36b40dd47291,Anestesiologia,7.77,85.0,50.27,144,7,137,98.0,98.0,Anestesiologia,7.77,73,44.27,112,154,-42,66,62
e4c271e7-c271-4d25-8635-fb1f77c60d65,Anestesiologia,8.12,81.0,48.62,94,18,76,96.0,95.0,Anestesiologia,8.12,71,43.62,63,170,-107,61,55
66efa12d-09d9-433a-9769-a28540ec38fb,Anestesiologia,8.44,80.0,48.44,52,24,28,95.0,94.0,Anestesiologia,8.44,72,44.44,39,149,-110,67,58
ab795da4-6778-4fe2-85ef-e2eddab03261,Anestesiologia,7.69,81.0,48.19,152,26,126,95.0,95.0,Anestesiologia,7.69,68,41.69,125,214,-89,50,46
f00acc04-31b6-4f69-b29a-b648c914fa65,Anestesiologia,7.41,81.0,47.91,189,31,158,94.0,95.0,Anestesiologia,7.41,67,40.91,166,223,-57,44,42
bf86a8d1-a0c1-4f78-a49b-ff8a767ca5a5,Anestesiologia,8.9,78.0,47.9,18,32,-14,94.0,92.0,Anestesiologia,8.9,71,44.4,9,150,-141,67,55
628cf4d0-6577-49a5-8a59-a2300b431fdd,Anestesiologia,7.13,81.0,47.63,227,36,191,93.0,95.0,Anestesiologia,7.13,71,42.63,207,194,13,55,55
e7f737e8-c7c8-42fc-9805-2d1104028a5b,Anestesiologia,7.29,80.0,47.29,203,39,164,93.0,94.0,Anestesiologia,7.29,74,44.29,182,153,29,66,65
b0791997-c216-44f0-82d7-18ffed5af3c1,Anestesiologia,7.2,80.0,47.2,218,40,178,92.0,94.0,Anestesiologia,7.2,69,41.7,196,213,-17,50,49
2db7635f-4758-4f8c-976d-c333c92c9fbe,Anestesiologia,7.94,78.0,46.94,126,44,82,92.0,92.0,Anestesiologia,7.94,73,44.44,77,147,-70,67,62
638e7621-827f-485b-bec6-4782b426bce6,Anestesiologia,8.43,77.0,46.93,54,45,9,92.0,90.0,Anestesiologia,8.41,67,41.91,40,204,-164,51,42
6be7fe6e-795d-4ffe-a404-805cddd3dd6e,Anestesiologia,8.59,76.0,46.59,43,50,-7,91.0,89.0,Anestesiologia,8.59,75,46.09,20,105,-85,77,69
317a248f-4ba3-42cb-b6a5-1ea9b576bf2c,Anestesiologia,7.47,78.0,46.47,180,53,127,90.0,92.0,Anestesiologia,7.47,72,43.47,156,176,-20,60,58
7fcbd074-1709-4100-bb78-d2f40611f6f3,Anestesiologia,8.93,75.0,46.43,16,54,-38,90.0,87.0,Oftalmologia,8.93,72,44.93,10,58,-48,70,58
5e87052d-2b9d-4daf-b781-7bdc1a97e9b9,Anestesiologia,8.63,74.0,45.63,39,66,-27,88.0,85.0,Anestesiologia,8.63,72,44.63,18,141,-123,68,58
b21727e0-4ebb-4d8a-a49b-948cd1a423a8,Anestesiologia,7.8,75.0,45.3,140,70,70,87.0,87.0,Anestesiologia,7.8,70,42.8,107,190,-83,56,52
7d10f5bd-08aa-4e5c-96d6-7bcecd13dcf5,Anestesiologia,7.2,76.0,45.2,219,72,147,87.0,89.0,Anestesiologia,7.2,78,46.2,194,102,92,78,80
c0f69d45-b183-4a1d-8b0b-9ab4975e14e9,Anestesiologia,7.62,75.0,45.12,160,75,85,86.0,87.0,Anestesiologia,7.62,71,43.12,134,184,-50,58,55
e6c52897-b0b6-4bfc-8ce9-dcbe51bdd4a1,Anestesiologia,7.0,76.0,45.0,247,76,171,86.0,89.0,Anestesiologia,7.0,74,44.0,222,159,63,64,65
0259fd52-bd0b-47f3-9d71-6f91cdfda1c9,Anestesiologia,7.94,74.0,44.94,127,79,48,86.0,85.0,Anestesiologia,7.94,73,44.44,78,148,-70,67,62
933ce383-ace5-48cc-9371-408d39414d1b,Anestesiologia,6.87,76.0,44.87,266,80,186,86.0,89.0,Cirugia,6.87,75,44.37,275,117,158,67,69
80e79f2f-5332-481b-814d-fc04e3b552dd,Anestesiologia,7.22,75.0,44.72,215,82,133,85.0,87.0,Anestesiologia,7.22,71,42.72,193,192,1,55,55
5c8813b2-6e20-400b-8b5c-4ef9e8ce4b12,Anestesiologia,8.2,73.0,44.7,86,83,3,85.0,83.0,Anestesiologia,8.2,73,44.7,56,138,-82,69,62
dca86ce9-b3ee-4479-9d26-f0f42f97f7a3,Anestesiologia,7.68,74.0,44.68,153,84,69,84.0,85.0,Anestesiologia,7.68,72,43.68,127,169,-42,62,58
00ba804c-9eee-4b57-9550-257788003af6,Anestesiologia,7.79,73.0,44.29,142,91,51,83.0,83.0,Anestesiologia,7.79,66,40.79,109,225,-116,44,39
c009f3dd-38f2-48ff-9b2c-608db824ac59,Anestesiologia,7.6,73.0,44.1,163,92,71,83.0,83.0,Anestesiologia,7.6,71,43.1,136,186,-50,58,55
7cfbf9a2-787a-483f-a326-73ded620c721,Anestesiologia,6.33,75.0,43.83,297,95,202,81.0,87.0,Anestesiologia,6.33,74,43.33,275,180,95,59,65
090362d5-dfcf-423f-abbd-6013fc416ddb,Anestesiologia,5.82,76.0,43.82,325,96,229,81.0,89.0,Anestesiologia,5.82,65,38.32,297,265,32,31,36
8f45aec0-6cb9-4aef-86e2-c8b6450dd8ef,Anestesiologia,9.3,69.0,43.8,3,97,-94,81.0,73.0,Anestesiologia,9.3,71,44.8,3,136,-133,69,55
6fa9b21c-ec46-43ca-a53d-b876e46b9a13,Anestesiologia,7.29,73.0,43.79,204,98,106,81.0,83.0,Anestesiologia,7.29,77,45.79,181,114,67,75,76
664fa462-f862-4707-9b70-27ed295fc895,Anestesiologia,6.58,74.0,43.58,285,101,184,80.0,85.0,Anestesiologia,6.58,77,45.08,262,131,131,71,76
9b010228-94b1-47d0-96d2-b3518624e67b,Anestesiologia,7.26,72.0,43.26,209,105,104,79.0,81.0,Anestesiologia,7.26,76,45.26,186,127,59,72,73
12f72382-cc10-4aab-aa0a-d1a5714705b4,Anestesiologia,7.09,72.0,43.09,234,110,124,78.0,81.0,Tocoginecologia,7.09,74,44.09,211,139,72,64,65
33371686-9a27-4709-b353-e891c340e672,Anestesiologia,7.58,71.0,43.08,166,111,55,78.0,78.0,Anestesiologia,7.58,58,36.58,142,282,-140,23,20
bc228da4-9763-433a-8544-b05f1ebfa454,Anestesiologia,7.0,72.0,43.0,248,113,135,78.0,81.0,Anestesiologia,7.0,71,42.5,224,195,29,54,55
f2929e84-2c6f-48d4-baf3-397b46e9e1d7,Anestesiologia,7.85,70.0,42.85,136,117,19,77.0,76.0,Anestesiologia,7.85,70,42.85,94,189,-95,56,52
cf99e70d-2734-474d-8d10-011213a6cb2d,Anestesiologia,8.92,67.0,42.42,17,125,-108,76.0,68.0,Anestesiologia,8.93,72,44.93,8,133,-125,70,58
a5b2a43d-2525-402c-b517-0f0174b90c16,Anestesiologia,7.31,70.0,42.31,199,131,68,75.0,76.0,Anestesiologia,7.31,72,43.31,177,181,-4,59,58
614c6fa1-f9a6-4e0f-a82d-00e596c06177,Anestesiologia,7.23,70.0,42.23,211,135,76,74.0,76.0,Anestesiologia,7.23,72,43.23,190,182,8,59,58
6bc0e754-6375-4aa2-b9fd-2c6812d37210,Anestesiologia,9.18,66.0,42.18,6,137,-131,74.0,65.0,Anestesiologia,9.18,72,45.18,4,128,-124,72,58
93a4f9a4-2122-4904-a2a3-f82010fb44cf,Anestesiologia,5.89,72.0,41.89,323,143,180,73.0,81.0,Anestesiologia,5.89,76,43.89,294,164,130,63,73
f4e5f9d4-49b5-4c7e-87da-884e9887ca80,Anestesiologia,7.06,69.0,41.56,239,150,89,71.0,73.0,Anestesiologia,7.06,74,44.06,216,158,58,64,65
408c2eee-58fd-4b2d-9e11-21cd2c559fc3,Anestesiologia,8.54,66.0,41.54,45,151,-106,71.0,65.0,Anestesiologia,8.54,70,43.54,25,172,-147,61,52
b181a46e-e1f6-4107-b114-49772ee9f7bd,Anestesiologia,7.03,69.0,41.53,245,152,93,71.0,73.0,Anestesiologia,7.03,62,38.03,218,271,-53,29,28
566be6d9-2bf6-4fdc-98fc-0e68af087b9f,Anestesiologia,6.98,69.0,41.48,251,155,96,70.0,73.0,Anestesiologia,6.98,73,43.48,228,175,53,60,62
d024b562-9ea3-4a12-8b1e-9f2bb20a5827,Anestesiologia,5.93,71.0,41.43,319,156,163,70.0,78.0,Anestesiologia,5.93,73,42.43,290,198,92,54,62
e9cc6f30-5dcd-4a1c-9eac-691b9f9f8fc7,Anestesiologia,6.98,68.0,40.98,252,162,90,68.0,70.0,Anestesiologia,6.98,74,43.98,226,160,66,63,65
4d620e94-38e2-4c67-a2f1-d0e02ed3f026,Anestesiologia,5.92,70.0,40.92,320,163,157,67.0,76.0,Anestesiologia,5.92,72,41.92,292,203,89,51,58
9b185d54-af78-4423-835b-da937121e53a,Anestesiologia,7.86,66.0,40.86,134,164,-30,67.0,65.0,Anestesiologia,7.86,65,40.36,90,230,-140,41,36
66087be9-b520-4b89-85b3-9976900a6aa5,Anestesiologia,6.81,68.0,40.81,269,167,102,67.0,70.0,Anestesiologia,6.81,70,41.81,241,206,35,50,52
bee04532-cff7-47df-ba54-4df214ebd5c3,Anestesiologia,5.92,69.0,40.42,321,173,148,65.0,73.0,Anestesiologia,5.92,66,38.92,293,258,35,33,39
8247ee53-f280-471a-9370-67f95d491714,Anestesiologia,6.77,66.0,39.77,271,183,88,61.0,65.0,Anestesiologia,6.77,65,39.27,246,253,-7,35,36
febf6395-f71c-40f7-8df0-77aaba2e55a3,Anestesiologia,8.12,63.0,39.62,98,188,-90,60.0,56.0,Anestesiologia,8.12,61,38.62,64,261,-197,32,26
94bd5b77-eb0d-485c-8b76-e19785bbc300,Anestesiologia,6.0,67.0,39.5,313,189,124,60.0,68.0,Anestesiologia,6.0,74,43.0,286,188,98,57,65
66fb03ca-e5d5-4bd1-903d-80f050861094,Anestesiologia,7.9,63.0,39.4,130,193,-63,59.0,56.0,Anestesiologia,7.9,72,43.9,83,163,-80,63,58
68b6e85f-f37c-4ca3-b6ab-44edfa77a8f7,Anestesiologia,8.04,62.0,39.04,106,201,-95,57.0,54.0,Anestesiologia,8.04,56,36.04,71,286,-215,21,16
0a71a30b-0c65-4536-bdbf-8ce78f452bfe,Anestesiologia,7.48,63.0,38.98,179,202,-23,57.0,56.0,Anestesiologia,7.48,73,43.98,154,161,-7,63,62
36a6c092-2387-4913-b7cb-2dd823092e08,Anestesiologia,6.76,64.0,38.76,272,207,65,55.0,59.0,Anestesiologia,6.76,68,40.76,249,226,23,44,46
d36e8f5e-8fcc-4993-907a-6dfdc662b1e3,Anestesiologia,7.1,63.0,38.6,232,208,24,55.0,56.0,Anestesiologia,7.1,72,43.1,210,185,25,58,58
ddf41687-ca60-4881-b43a-13939e2223bf,Anestesiologia,7.98,61.0,38.48,116,209,-93,54.0,51.0,Anestesiologia,7.9,64,39.9,84,244,-160,39,33
a00b117a-c1a4-44d1-aabd-47bed6759a5a,Anestesiologia,8.46,60.0,38.46,51,210,-159,54.0,48.0,Anestesiologia,8.54,72,44.54,24,143,-119,68,58
605ae4d3-d013-41a6-abcf-4a6ca683504d,Anestesiologia,6.67,63.0,38.17,279,215,64,53.0,56.0,Anestesiologia,6.67,73,43.17,254,183,71,58,62
3eadf290-06dc-4b02-bc75-ac3da5c47d70,Anestesiologia,7.53,61.0,38.03,169,218,-49,52.0,51.0,Anestesiologia,7.53,57,36.03,145,287,-142,21,18
5f1b7808-be4c-453f-a1be-9fd5453a922e,Anestesiologia,6.76,62.0,37.76,273,220,53,51.0,54.0,NeuroCx,6.76,65,39.26,67,62,5,35,36
3066b307-60cb-4bf2-88f7-6485936b992d,Anestesiologia,5.94,63.0,37.44,318,226,92,49.0,56.0,Anestesiologia,5.94,69,40.44,289,228,61,42,49
4b3b2b4c-1216-4f77-bd51-6ffc3b95d6ae,Anestesiologia,7.88,59.0,37.38,132,228,-96,48.0,45.0,Anestesiologia,7.88,71,43.38,88,179,-91,60,55
96e0f967-998e-4d0c-8916-28f25f8bafde,Anestesiologia,6.26,60.0,36.26,303,239,64,43.0,48.0,Anestesiologia,6.26,60,36.26,277,284,-7,22,24
20d61485-1e04-4ba6-bca8-50cf7a5a8c8f,Anestesiologia,8.84,54.0,35.84,20,243,-223,41.0,33.0,Dermatologia,6.84,48,30.84,123,147,-24,7,6
bfe438f4-d366-4b86-84c1-3091c520991f,Anestesiologia,7.04,57.0,35.54,244,246,-2,39.0,40.0,Anestesiologia,7.04,49,31.54,217,306,-89,8,7
cc21141d-d148-42bf-ad8e-6873db76fd5a,Anestesiologia,7.13,56.0,35.13,229,251,-22,37.0,38.0,Anestesiologia,7.13,66,40.13,208,234,-26,40,39
3709ab12-5036-4768-a15e-df5b8c315647,Anestesiologia,6.93,56.0,34.93,258,253,5,37.0,38.0,Anestesiologia,6.93,68,40.93,232,222,10,45,46
38406cff-93c8-4be3-ba7b-cf25fc22f5b9,Anestesiologia,5.78,58.0,34.78,327,255,72,36.0,43.0,Anestesiologia,5.78,48,29.78,298,312,-14,5,6
d6d2d626-c662-4f3d-92f7-f21cae023b37,Anestesiologia,8.7,52.0,34.7,31,256,-225,36.0,29.0,Anestesiologia,8.7,52,34.7,13,295,-282,16,10
3bb6d6e8-79e8-4d9d-8b37-c93feab2c050,Anestesiologia,6.04,57.0,34.54,312,258,54,35.0,40.0,Anestesiologia,6.04,66,39.04,284,256,28,34,39
aafd0d88-ecd4-4a84-8b57-0288cf96d51b,Anestesiologia,5.98,56.0,33.98,316,265,51,32.0,38.0,Anestesiologia,5.94,73,42.44,288,197,91,54,62
ff4fd4ee-58a8-45a2-8f85-c14632eacaf8,Anestesiologia,8.25,51.0,33.75,77,267,-190,31.0,26.0,Anestesiologia,8.25,67,41.75,51,211,-160,50,42
96089b0a-044d-4d85-a8f5-c5c40689e89f,Anestesiologia,6.57,53.0,33.07,287,272,15,28.0,31.0,Anestesiologia,6.57,69,41.07,266,220,46,46,49
84dd8f16-15d0-4a8a-883a-957b9df8435d,Anestesiologia,5.55,55.0,33.05,329,273,56,28.0,36.0,Anestesiologia,5.55,60,35.55,307,289,18,19,24
9f3e9b60-2b46-444d-8361-fb8fe3471536,Anestesiologia,5.11,53.0,31.61,336,282,54,22.0,31.0,Anestesiologia,5.11,63,36.61,312,281,31,23,30
753f48cc-cba5-4f43-922c-422284abf2f8,Anestesiologia,7.49,48.0,31.49,178,286,-108,22.0,20.0,Anestesiologia,7.49,54,34.49,151,296,-145,15,13
14ffe100-5ecd-4a8b-8d4b-009a702b3c85,Anestesiologia,7.07,48.0,31.07,238,288,-50,20.0,20.0,Tocoginecologia,6.17,63,37.67,279,257,22,28,30
53be2c43-f847-4c5d-af2c-f7405c8e79bc,Anestesiologia,8.04,46.0,31.04,105,289,-184,20.0,16.0,NeuroCx,8.04,52,34.04,26,82,-56,14,10
e074b0e0-eee1-458a-a3ca-a79423121464,Anestesiologia,6.45,49.0,30.95,291,291,0,20.0,23.0,Anestesiologia,6.45,52,32.45,270,302,-32,10,10
e03bfceb-dedb-4d65-9520-663d0d008847,Anestesiologia,5.9,49.0,30.4,322,297,25,17.0,23.0,Patologia,5.9,46,28.9,38,42,-4,4,4
842de1e0-66f3-4ff1-b5bf-58669f916a89,Anestesiologia,7.29,43.0,28.79,205,306,-101,12.0,11.0,Anestesiologia,7.29,62,38.29,183,268,-85,31,28
7abb478d-6978-41cb-b38c-a98dc8cfdc1e,Anestesiologia,6.9,28.0,20.9,263,321,-58,0.0,0.0,Cardiologia,0.0,42,21.0,232,232,0,0,1
edc3ed02-b9ed-4a2c-8f14-d41d8a2ffb9b,Anestesiologia,8.25,,,78,328,-250,,,Anestesiologia,8.33,71,43.83,45,166,-121,63,55
441e617f-a888-43f8-882f-08e78fddaf14,Anestesiologia,7.6,,,164,331,-167,,,Gastroenterologia,7.6,34,24.6,37,73,-36,1,0
7337d183-896d-4a78-9c2a-38867eab366d,Anestesiologia,7.3,,,202,332,-130,,,Anestesiologia,7.3,73,43.8,179,167,12,62,62
a828a757-61bd-4706-a1cc-33be0e75e357,Anestesiologia,7.09,,,235,335,-100,,,Cirugia,7.09,76,45.09,255,94,161,71,73
4cad75d7-d0c7-4d87-8c87-1da84d5a20d1,Anestesiologia,6.96,,,254,337,-83,,,Anestesiologia,6.96,71,42.46,230,196,34,54,55
f809f798-e38c-4fea-bec6-819da77bba79,Anestesiologia,6.92,,,260,338,-78,,,Anestesiologia,6.92,66,39.92,234,242,-8,39,39
7721e4b9-77ec-4886-8f68-521122bb2e4b,Anestesiologia,6.67,,,280,339,-59,,,Anestesiologia,6.67,62,37.67,255,273,-18,28,28
479e0b63-40f6-4f36-8ff0-a7894edc86a4,Anestesiologia,6.2,,,308,343,-35,,,Anestesiologia,6.2,65,38.7,278,259,19,32,36
ae718c83-c531-4534-9368-11e173201d55,Cardiologia,8.85,86.0,51.85,38,2,36,99.0,99.0,Cirugia,8.85,79,48.35,24,38,-14,89,83
a1b792f5-5239-427f-93e4-a57368b5e37b,Cardiologia,7.3,72.0,43.3,175,65,110,79.0,81.0,Cirugia,7.3,78,46.3,222,74,148,78,80
f4359bdb-9b01-4cb4-939c-8a6cfd037315,Cardiologia,8.68,66.0,41.68,53,82,-29,72.0,65.0,NeuroCx,8.68,57,37.18,8,68,-60,26,18
9523affe-9068-4758-8f26-f4e91ae3e7bc,Cardiologia,6.67,67.0,40.17,209,98,111,63.0,68.0,Cx cardiovascular,6.67,75,44.17,13,6,7,65,69
cb59a19d-090d-4710-8982-19bb5e4f681a,Cardiologia,7.09,63.0,38.59,186,122,64,55.0,56.0,Cardiologia,7.09,75,44.59,138,80,58,68,69
d0ba7421-5bf5-486a-a0b6-38551217d6aa,Cardiologia,7.5,62.0,38.5,158,123,35,54.0,54.0,Patologia,7.5,67,41.0,20,29,-9,45,42
41c9cca3-b294-4b80-8f17-745429c56532,Cardiologia,8.37,57.0,36.87,77,149,-72,46.0,40.0,Cardiologia,8.37,67,41.87,52,121,-69,51,42
f7b7bdb2-973e-4795-8ba2-553e02d4cd70,Cardiologia,7.42,56.0,35.42,166,164,2,39.0,38.0,Cardiologia,7.42,68,41.42,118,126,-8,48,46
592827a7-ee3c-417c-b001-9d08a09d8ffd,Cardiologia,7.45,54.0,34.45,162,174,-12,34.0,33.0,Cardiologia,7.45,55,34.95,115,186,-71,17,14
c02064cf-3d6d-4ccf-8453-67bd26790a59,Cardiologia,5.76,57.0,34.26,251,177,74,33.0,40.0,Psiquiatria,5.76,63,37.26,87,71,16,26,30
d9dedf8d-8579-470a-8789-f3f9f1e97243,Cardiologia,7.74,52.0,33.74,135,182,-47,31.0,29.0,Cardiologia,7.74,57,36.24,88,175,-87,22,18
4f014cb7-cd0e-4df4-bd9b-b169fdaab371,Cardiologia,6.23,55.0,33.73,232,183,49,31.0,36.0,Clinica,6.23,69,40.73,265,195,70,44,49
a797ea6f-1562-406a-90e6-cce79ce85703,Cardiologia,7.38,52.0,33.38,169,186,-17,30.0,29.0,Cardiologia,7.38,67,40.88,120,128,-8,44,42
05910918-1ec9-484f-ac4b-62ba25e0e869,Cardiologia,6.45,52.0,32.45,223,192,31,25.0,29.0,Cardiologia,6.45,54,33.45,180,196,-16,13,13
9988a02e-adae-44f4-b9a4-6d2596e3d880,Cardiologia,5.93,52.0,31.93,246,196,50,23.0,29.0,UTI,5.93,55,33.43,74,69,5,13,14
cb42a015-9f5d-4b3a-ad35-3ff3b3b7c434,Cardiologia,5.8,52.0,31.8,250,197,53,23.0,29.0,Cardiologia,6.5,59,36.0,176,177,-1,21,22
edc359b7-9fda-4de2-99e8-4203031e3af1,Cardiologia,5.17,53.0,31.67,271,199,72,22.0,31.0,Cardiologia,5.17,57,33.67,218,192,26,13,18
1640db8a-f351-4505-a117-587176309c73,Cardiologia,7.6,47.0,31.1,148,201,-53,20.0,18.0,UTI,7.59,37,26.09,29,89,-60,1,0
2137ef24-ee51-47b1-9bf9-b838e5dd1574,Cardiologia,6.6,47.0,30.1,214,211,3,16.0,18.0,Emergentologia,4.6,45,27.1,44,45,-1,2,3
a84bc4ab-c706-459a-bc30-1a3cf0ca9df3,Cardiologia,7.03,45.0,29.53,189,217,-28,15.0,14.0,Dermatologia,7.03,49,31.53,114,144,-30,8,7
366d5215-76ed-45b3-bafb-2e959db8bbb7,Cardiologia,5.45,48.0,29.45,261,218,43,14.0,20.0,Cardiologia,5.45,61,35.95,214,178,36,20,26
6f92b35b-930c-4a4b-a707-cd0117266c64,Cardiologia,6.5,45.0,29.0,218,220,-2,13.0,14.0,Cx cardiovascular,6.3,56,34.3,17,20,-3,15,16
a2cce05c-a201-4b0c-bca7-a54127d143e0,Cardiologia,5.5,47.0,29.0,260,221,39,13.0,18.0,Cardiologia,5.5,51,31.0,212,212,0,7,9
2a74e179-fdb7-47af-ab9a-830725364cf4,Cardiologia,6.5,44.0,28.5,219,225,-6,11.0,13.0,Toxicologia,6.5,51,32.0,1,1,0,9,9
9745e608-bd0a-4c17-a92d-eb37a6a36107,Cardiologia,5.91,45.0,28.41,247,226,21,11.0,14.0,Clinica,5.9,57,34.4,288,277,11,15,18
cc995d42-5897-4b2d-85b2-bfd952979082,Cardiologia,5.73,43.0,27.23,252,233,19,8.0,11.0,Anestesiologia,5.73,59,35.23,301,292,9,18,22
983a902a-ed3b-4d83-8a8a-dbcd4ae29c17,Cardiologia,6.2,42.0,27.2,234,234,0,8.0,9.0,Cardiologia,6.8,47,30.3,157,216,-59,6,5
51a36cdb-9560-409d-803e-82793a21fabb,Cardiologia,6.01,42.0,27.01,241,236,5,8.0,9.0,Cirugia,6.01,47,29.51,360,383,-23,5,5
6f1696c8-9d9a-4f08-ba55-62c9acc7a734,Cardiologia,4.7,44.0,26.7,276,238,38,7.0,13.0,Cardiologia,4.7,48,28.7,225,221,4,4,6
57024e15-2cb7-47b7-b66c-c4f7938a5aab,Cardiologia,5.4,41.0,25.9,265,241,24,6.0,8.0,Cardiologia,5.4,46,28.4,215,222,-7,3,4
405a9449-9f0d-4656-944f-f0e9159576f6,Cardiologia,5.67,36.0,23.67,253,252,1,3.0,3.0,Cirugia,5.67,53,32.17,377,362,15,10,11
0ce733d6-ca07-4081-bc83-4bb182dc7e39,Cardiologia,,39.0,19.5,285,262,23,0.0,6.0,Cardiologia,0.0,47,23.5,230,230,0,0,5
2b6763af-d1c3-4176-811a-0aa251bb07a9,Cardiologia,,35.0,17.5,286,263,23,0.0,2.0,Cardiologia,7.26,51,32.76,128,202,-74,11,9
77ac2af6-b3de-4b34-bce7-18b94c443e91,Cardiologia,6.76,,,202,280,-78,,,Cardiologia,6.76,57,35.26,162,183,-21,18,18
4ed08433-7a3c-4ba2-ad1f-9d87455be4a9,Cardiologia,5.51,,,259,284,-25,,,Gastroenterologia,5.51,50,30.51,69,66,3,7,8
1d9f9618-5e8a-4cc7-bb8e-2303ad38d3f7,Cardiologia,4.3,,,279,286,-7,,,Endocrinologia,4.5,37,23.0,40,40,0,0,0
8086916a-1996-499f-a989-77b3e60302db,Cirugia,7.58,82.0,48.58,212,12,200,95.0,96.0,Cirugia,7.58,84,49.58,176,18,158,94,95
6d8becdf-b173-451d-8672-01d0674d0699,Cirugia,8.79,79.0,48.29,39,13,26,95.0,93.0,Cirugia,8.79,71,44.29,32,120,-88,66,55
7ed2a88d-b31b-4ede-965f-950321d483bb,Cirugia,8.21,76.0,46.21,120,31,89,90.0,89.0,Cirugia,8.21,82,49.21,93,26,67,93,91
346c6ac7-97bc-4782-b7d6-cfebd9f19535,Cirugia,6.78,78.0,45.78,318,35,283,88.0,92.0,Cx infantil,6.78,74,43.78,32,22,10,62,65
a728c05d-b632-4059-94d7-0682290411dc,Cirugia,7.84,73.0,44.34,171,57,114,83.0,83.0,NeuroCx,7.84,66,40.84,32,56,-24,44,39
c9138f95-c10a-4588-a059-de370cfd6af5,Cirugia,7.83,72.0,43.83,174,63,111,81.0,81.0,Cirugia,7.83,74,44.83,137,102,35,70,65
394b2895-f3ae-4191-ab4d-bce37b83861c,Cirugia,7.97,71.0,43.47,152,68,84,80.0,78.0,Cirugia,7.97,81,48.47,123,36,87,90,89
3568e0d6-5870-48d9-a8d9-ecc7ff84576c,Cirugia,7.24,72.0,43.24,256,76,180,79.0,81.0,Cirugia,7.24,65,39.74,239,227,12,38,36
adffd99f-031e-4a73-a1c1-8e954d54e8f5,Cirugia,8.73,69.0,43.23,48,77,-29,79.0,73.0,Cirugia,0.0,72,36.0,411,307,104,21,58
3f72b45f-bbcc-45c1-bf1b-bec50b31e3ee,Cirugia,7.65,70.0,42.65,201,86,115,77.0,76.0,Cirugia,7.65,63,39.15,167,247,-80,35,30
58034fc6-e605-4c18-9505-99280d0274c6,Cirugia,8.03,69.0,42.53,141,88,53,76.0,73.0,Cirugia,8.03,63,39.53,111,235,-124,37,30
b0a43d5a-7468-4350-aa3d-b49cebfcdc18,Cirugia,6.8,71.0,42.3,312,93,219,75.0,78.0,Cirugia,6.8,59,36.3,286,301,-15,22,22
934f3498-7e19-4a80-ad55-43f51d19bcb6,Cirugia,7.97,68.0,41.97,153,97,56,73.0,70.0,Cirugia,7.97,66,40.97,124,200,-76,45,39
18a722bf-3150-4701-8b20-5f327fdb4271,Cirugia,5.9,71.0,41.4,398,107,291,70.0,78.0,Cx cardiovascular,5.9,71,41.4,22,9,13,48,55
dbfb85ec-ca3f-400b-a507-a1666d3b3bcd,Cirugia,8.32,66.0,41.32,108,110,-2,69.0,65.0,Cirugia,8.32,66,41.32,77,191,-114,47,39
4955c64f-662a-47ff-b414-dcce02629870,Cirugia,8.75,65.0,41.25,45,112,-67,69.0,62.0,Cirugia,8.75,58,37.75,37,281,-244,28,20
e75429cb-f6f6-41a2-a425-f924d4cf291d,Cirugia,6.11,70.0,41.11,384,117,267,68.0,76.0,Cirugia,6.11,64,38.11,355,271,84,30,33
f8e1a6ca-dcb2-4fb6-b406-e86c1a5a6de2,Cirugia,7.11,67.0,40.61,273,125,148,66.0,68.0,Cirugia,7.11,67,40.61,251,211,40,43,42
b68097af-413a-44dc-9a11-c13a8906ae1a,Cirugia,7.06,65.0,39.56,279,146,133,60.0,62.0,Cirugia,6.89,56,34.89,274,329,-55,16,16
357c16a5-475f-412c-b72a-0d4cbaf8b706,Cirugia,6.33,66.0,39.33,366,150,216,59.0,65.0,Cirugia,6.33,68,40.33,338,217,121,41,46
85405c50-d792-49d0-9fff-2136605bed11,Cirugia,8.2,62.0,39.2,122,153,-31,58.0,54.0,Cirugia,8.19,60,38.19,96,270,-174,30,24
c6fa9739-c823-483f-afb6-e79d4ba1b5d9,Cirugia,8.41,61.0,38.91,97,160,-63,56.0,51.0,NeuroCx,8.41,67,41.91,14,45,-31,51,42
1cf463e4-c7f1-4024-89ef-171cacf3f3ee,Cirugia,6.77,64.0,38.77,320,165,155,56.0,59.0,Cirugia,6.77,65,39.27,290,244,46,35,36
144c96e9-6d1f-48ea-a3cd-240696a28385,Cirugia,7.56,60.0,37.56,215,191,24,50.0,48.0,Cirugia,7.56,67,41.06,180,197,-17,45,42
937877a8-c9d8-4ba3-a8a0-ab714347375b,Cirugia,5.5,63.0,37.0,417,201,216,47.0,56.0,Cirugia,5.5,44,27.5,390,398,-8,2,2
b28e95fb-a548-48a9-8d2e-2eb90c51c306,Cirugia,6.62,60.0,36.62,340,213,127,45.0,48.0,Cirugia,6.62,64,38.62,305,261,44,32,33
d7b87b76-82c6-43ab-8098-b77bef1d62dd,Cirugia,5.56,61.0,36.06,416,222,194,42.0,51.0,Cirugia,5.56,67,39.06,382,250,132,34,42
f1ce7f8a-e760-47c0-9e8d-7e863177247b,Cirugia,6.5,59.0,36.0,353,225,128,42.0,45.0,Cirugia,6.5,64,38.5,322,265,57,32,33
54bd2070-42ce-498a-924e-98cc36c42ee2,Cirugia,6.6,58.0,35.6,344,235,109,40.0,43.0,Cirugia,6.6,61,37.1,311,290,21,25,26
8fed2abf-c531-47ef-a860-25298f0236df,Cirugia,7.43,56.0,35.43,231,237,-6,39.0,38.0,Cirugia,7.43,54,34.43,204,334,-130,15,13
3aeef8ed-15ad-4249-b147-2dc6c8f389fb,Cirugia,5.88,59.0,35.38,400,239,161,39.0,45.0,Cirugia,5.88,62,36.88,367,292,75,24,28
8533ee25-7a3b-4295-b118-4e85999a3065,Cirugia,7.68,55.0,35.18,196,251,-55,38.0,36.0,Cirugia,7.68,57,36.18,161,305,-144,21,18
364063a3-1ded-4b90-b41e-db26f0d71dad,Cirugia,8.77,52.0,34.77,43,256,-213,36.0,29.0,Cirugia,8.77,51,34.27,36,336,-300,15,9
481adff8-7ef8-4319-b66a-d47d12201ffb,Cirugia,8.72,52.0,34.72,50,257,-207,36.0,29.0,Cx plastica,8.72,45,31.22,2,8,-6,8,3
d4b49e2c-3a0a-4198-93b3-57827c5cc668,Cirugia,6.71,56.0,34.71,332,258,74,36.0,38.0,Cirugia,6.71,53,33.21,295,350,-55,12,11
e5df7da0-086e-4359-b20f-62893e856289,Cirugia,7.7,54.0,34.7,190,259,-69,36.0,33.0,Cirugia,7.79,48,31.79,146,366,-220,9,6
a860dd65-80d1-46fd-9fb3-b3ab21f15623,Cirugia,8.46,52.0,34.46,89,265,-176,34.0,29.0,Cirugia,8.46,50,33.46,65,344,-279,13,8
e835615a-28c2-4f11-b785-6c8b477bbc17,Cirugia,6.82,55.0,34.32,309,268,41,34.0,36.0,Cx infantil,6.82,62,37.82,30,32,-2,28,28
93dd8ee0-e393-45c0-8771-83bf871467b1,Cirugia,7.05,54.0,34.05,280,270,10,33.0,33.0,NeuroCx,6.0,62,37.0,83,70,13,25,28
aba9def4-c16e-4d2d-adbd-b8fe1867eda0,Cirugia,6.04,56.0,34.04,391,271,120,33.0,38.0,Cx infantil,6.04,55,33.54,37,35,2,13,14
4b0be457-0a91-4be5-a058-1faa66bae878,Cirugia,6.41,54.0,33.41,358,278,80,30.0,33.0,Cirugia,6.41,62,37.41,330,285,45,27,28
64a3bad6-cde0-488f-b33e-fb793a74af2b,Cirugia,8.28,50.0,33.28,114,281,-167,29.0,24.0,Cirugia,8.28,47,31.78,84,367,-283,9,5
58b2071f-8609-47df-9055-b8b95fa22dff,Cirugia,5.3,55.0,32.8,420,290,130,27.0,36.0,Cirugia,5.3,55,32.8,394,356,38,11,14
c1a0dbaf-51d2-4078-8fc9-6bf4434c89bd,Cirugia,5.25,55.0,32.75,425,294,131,27.0,36.0,Anestesiologia,5.25,64,37.25,311,276,35,26,33
45ef1da8-3525-4bf5-9fa8-f1ad35e9537e,Cirugia,6.62,52.0,32.62,342,299,43,26.0,29.0,Cirugia,6.62,54,33.62,306,342,-36,13,13
c8bb4c08-24b7-4fd3-85b5-030e678ac396,Cirugia,6.35,52.0,32.35,365,304,61,25.0,29.0,Cirugia,6.35,63,37.85,335,279,56,29,30
35872c46-45b7-4c65-b459-09506c7f6f1f,Cirugia,7.98,48.0,31.98,151,307,-156,23.0,20.0,Cirugia,7.97,57,36.47,125,297,-172,22,18
58f33de3-cac5-412f-8b70-ad19aec67bbe,Cirugia,7.86,48.0,31.86,168,310,-142,23.0,20.0,Neurologia,7.86,43,29.36,34,83,-49,5,2
38b06303-6fe3-438e-a5ef-67477a177018,Cirugia,6.8,50.0,31.8,314,311,3,23.0,24.0,Cirugia,6.8,58,35.8,287,311,-24,20,20
1b1a9dce-6e37-4d8d-a22a-f90b2cc95add,Cirugia,7.15,48.0,31.15,267,320,-53,21.0,20.0,Cx infantil,7.15,49,31.65,28,36,-8,9,7
67892891-b49a-4d33-a59b-f3a1535963b2,Cirugia,7.0,48.0,31.0,289,325,-36,20.0,20.0,Cirugia,6.2,56,34.2,350,338,12,14,16
59d11f3d-b2d2-4f0b-9581-808975148dcc,Cirugia,6.55,45.0,29.05,350,354,-4,13.0,14.0,Cirugia,6.55,60,36.55,315,295,20,23,24
77e85568-c6b7-4c09-8d73-c3a03e2bf722,Cirugia,5.94,45.0,28.44,397,361,36,11.0,14.0,Clinica,5.94,50,30.94,285,297,-12,7,8
00057780-37de-41d8-885f-17d3a73a5d0f,Cirugia,6.98,42.0,27.98,294,365,-71,10.0,9.0,Cirugia,6.98,56,34.98,267,327,-60,17,16
a498d103-2c8a-4055-a76c-3b585deb3d4d,Cirugia,,54.0,27.0,446,378,68,8.0,33.0,Cirugia,0.0,56,28.0,412,394,18,3,16
f27f2daf-4460-42ee-9f5f-c502d176c60b,Cirugia,5.04,43.0,26.54,428,385,43,7.0,11.0,Cirugia,6.0,42,27.0,363,401,-38,2,1
143ca2cd-885d-47ee-a186-1290e01d62aa,Cirugia,6.76,39.0,26.26,323,389,-66,6.0,6.0,Cirugia,6.76,35,24.26,293,411,-118,0,0
6fc102de-d446-478f-aff2-627d72b2b31a,Cirugia,7.44,37.0,25.94,230,391,-161,6.0,4.0,Cirugia,7.44,44,29.44,201,385,-184,5,2
c58f5b1d-8b1e-4d97-814a-8fe3b89d28c5,Cirugia,4.66,42.0,25.66,437,395,42,5.0,9.0,Cx plastica,4.6,41,25.1,11,12,-1,1,1
9ac19901-ad6c-43c4-b56d-2efb91f98a1d,Cirugia,6.12,39.0,25.62,383,396,-13,5.0,6.0,Cirugia,6.12,48,30.12,353,378,-25,6,6
411b3231-fef7-4952-8c74-8264b2e5f7d3,Cirugia,4.7,40.0,24.7,435,406,29,4.0,7.0,Cirugia,5.5,45,28.0,389,395,-6,3,3
e3e12245-f69b-4e76-ba16-0ded1f27bc02,Cirugia,6.0,36.0,24.0,393,409,-16,4.0,3.0,Cirugia,5.5,47,29.0,388,389,-1,4,5
031cd674-de09-4495-9114-5be738525adf,Cirugia,5.84,36.0,23.84,403,410,-7,3.0,3.0,Cirugia,5.84,55,33.34,369,348,21,13,14
bf6f2120-8aec-46ae-8c5f-0d663210fcfb,Cirugia,5.3,37.0,23.8,423,412,11,3.0,4.0,Cirugia,5.3,48,29.3,396,386,10,5,6
c93a9d50-1ab8-4e9f-a1af-809ebbd9ddc7,Cirugia,4.4,38.0,23.4,442,415,27,3.0,4.0,Cirugia,4.4,42,25.4,406,406,0,1,1
b6bb7b00-5867-4f74-87ab-2634d0bfa1ae,Cirugia,5.3,36.0,23.3,424,417,7,3.0,3.0,Cirugia,5.4,54,32.4,392,361,31,10,13
0cff3ff1-03c8-42e1-8ce5-31a7111d02f2,Cirugia,4.06,36.0,22.06,443,424,19,1.0,3.0,Cirugia,4.06,47,27.56,409,396,13,2,5
8e3eef35-23eb-4054-a0b0-1fe795cfc55f,Cirugia,6.3,31.0,21.8,371,425,-54,1.0,0.0,Cirugia,6.3,50,31.3,341,371,-30,8,8
1b796ab2-c205-4669-9470-f68a0c674502,Cirugia,6.1,31.0,21.6,387,426,-39,1.0,0.0,Cirugia,6.1,39,25.6,357,405,-48,1,0
abf9f007-f837-40c4-b7ad-687bb718fe2f,Cirugia,4.6,34.0,21.6,439,427,12,1.0,1.0,Traumatologia,4.6,36,22.6,189,193,-4,0,0
b8dbf328-c1fd-4aa7-ba5d-a33d579a92b3,Cirugia,4.6,33.0,21.1,440,428,12,1.0,1.0,Cx infantil,4.6,40,24.6,40,39,1,1,1
1ae7eb2e-bf2f-4112-9956-bc12721d513b,Cirugia,4.9,31.0,20.4,431,432,-1,0.0,0.0,Cirugia,4.9,39,24.4,400,410,-10,0,0
63a5f03c-2f6f-4a43-a8a8-7cca5c0bbac2,Cirugia,4.04,28.0,18.04,444,433,11,0.0,0.0,Cirugia,4.0,36,22.0,410,415,-5,0,0
4e751235-de39-4f04-bf57-e881924353ab,Cirugia,8.97,,,22,435,-413,,,Cirugia,8.77,57,37.27,35,288,-253,26,18
b34653b8-21fe-40c5-88af-c626cc286aba,Cirugia,6.68,,,337,442,-105,,,Cardiologia,6.68,75,44.18,165,89,76,65,69
25e71486-54f9-48c8-9ecb-2477b19e152c,Cirugia,6.08,,,388,446,-58,,,Cirugia,6.08,65,38.58,358,263,95,32,36
016bee9b-9b04-4295-a048-35660c7dc85b,Clinica,8.5,80.0,48.5,31,15,16,95.0,94.0,Tocoginecologia,8.5,80,48.5,46,42,4,90,86
4e6b33de-ef7a-485f-b918-7df48201457d,Clinica,7.91,80.0,47.91,90,17,73,94.0,94.0,Cirugia,7.91,74,44.91,132,100,32,70,65
50f33fac-78d8-4cf8-8d65-8352e4796fed,Clinica,8.08,70.0,43.08,69,62,7,78.0,76.0,Clinica,8.08,74,45.08,74,103,-29,71,65
fa3e2b17-8469-49f0-944a-4be9b3a00b63,Clinica,7.48,71.0,42.98,152,63,89,78.0,78.0,Familiar,7.48,79,46.98,35,13,22,82,83
89da8447-2b84-4ac5-8b9f-787df1bd997d,Clinica,8.21,69.0,42.71,57,67,-10,77.0,73.0,Familiar,8.21,77,46.71,8,15,-7,80,76
7c0c6781-309a-4c09-a194-7ee61eaa4ecb,Clinica,8.15,67.0,41.65,65,82,-17,71.0,68.0,Pediatria,8.15,67,41.65,67,180,-113,49,42
abee57d2-4ec6-4241-982e-86bf8fcf8045,Clinica,6.7,69.0,41.2,211,90,121,69.0,73.0,Tocoginecologia,6.7,74,43.7,241,147,94,62,65
c7452ee7-1beb-4dc1-b89e-5791fca24969,Clinica,7.04,68.0,41.04,187,95,92,68.0,70.0,Dermatologia,7.04,68,41.04,113,82,31,45,46
5c4c6fa1-8e38-4898-b99d-2b4431e80fde,Clinica,6.08,69.0,40.58,239,100,139,65.0,73.0,UTI,6.08,63,37.58,68,51,17,28,30
a1c1cf2c-ad45-4032-bdf9-70b87c916dfd,Clinica,7.51,65.0,40.01,145,113,32,62.0,62.0,Cardiologia,7.51,70,42.51,112,109,3,54,52
a1f2a6d9-a79c-483a-913e-d6cbd07d0e5b,Clinica,6.09,67.0,39.59,238,122,116,60.0,68.0,Traumatologia,6.09,59,35.59,161,129,32,19,22
3b428fa3-b857-409c-acc0-7739846c138f,Clinica,6.76,63.0,38.26,205,134,71,53.0,56.0,Tocoginecologia,6.76,73,43.26,238,159,79,59,62
86aef2a2-e1db-489d-9199-0b1c93838472,Clinica,6.31,63.0,37.81,234,141,93,51.0,56.0,Clinica,6.31,64,38.31,256,234,22,31,33
a323dcee-4c96-4c2a-94a2-e89bf177eff4,Clinica,6.2,57.0,34.7,236,179,57,36.0,40.0,Dermatologia,6.2,66,39.2,141,98,43,35,39
4a95049e-4953-4d84-b3d4-3ad7ddd16bf2,Clinica,6.89,52.0,32.89,195,204,-9,28.0,29.0,Cardiologia,6.8,52,32.8,156,201,-45,11,10
b6c39e4f-97b2-4ce4-8729-edc2397d8ef5,Clinica,8.19,48.0,32.19,61,213,-152,24.0,20.0,Traumatologia,8.19,65,40.69,42,67,-25,43,36
668ded02-c698-43de-8e50-d067dd0bcf9a,Clinica,7.57,48.0,31.57,131,215,-84,22.0,20.0,Clinica,6.57,67,40.07,241,209,32,40,42
8534ceb5-9ad2-470a-85b7-35d4fe666503,Clinica,5.38,48.0,29.38,258,238,20,14.0,20.0,Clinica,5.38,60,35.38,300,271,29,18,24
48542ed6-dca8-49d9-af70-4d23094a0aba,Clinica,5.5,36.0,23.5,256,261,-5,3.0,3.0,Clinica,5.5,40,25.5,297,308,-11,1,1
8ff1ca10-9ba3-49a4-abfe-01505163a240,Clinica medica,7.35,,,9,9,0,,,Oncologia,7.35,60,37.35,13,14,-1,27,24
e2cb2d31-ec8b-49e8-84fb-2af911cc66ad,Clinica medica,5.63,,,15,15,0,,,Gastroenterologia,5.63,50,30.63,67,65,2,7,8
a58695d5-f178-4723-8150-f4fdfff99423,Cx cardiovascular,6.7,58.0,35.7,18,11,7,40.0,43.0,Cx cardiovascular,5.93,61,36.43,21,15,6,22,26
14f7d5be-fa20-42c3-be5a-5b27a308593d,Cx cardiovascular,6.3,53.0,32.8,20,13,7,27.0,31.0,Cx cardiovascular,6.3,58,35.3,16,19,-3,18,20
b76f4de9-77fb-4c01-909e-8b1a82db0c22,Cx cardiovascular,7.48,44.0,29.48,12,20,-8,14.0,13.0,Cirugia,7.48,48,31.48,197,369,-172,8,6
8514fc67-8542-443f-8571-548ade4bac90,Cx cardiovascular infantil,7.33,62.0,38.33,4,3,1,54.0,54.0,Cirugia,7.33,64,39.33,218,242,-24,36,33
f66d7ff5-236b-4c9e-b21f-0b2075b7e402,Cx cardiovascular infantil,5.78,48.0,29.78,5,5,0,15.0,20.0,Cx infantil,6.68,61,37.18,34,33,1,26,26
cbf6e8c8-f03b-4979-af11-7d9fb223bab1,Cx cardiovascular infantil,4.48,32.0,20.48,7,8,-1,0.0,1.0,Cx cardiovascular infantil,4.48,44,26.48,5,5,0,1,2
73f8f412-7fee-4122-84a3-3a6794644e6d,Cx de torax,5.2,60.0,35.2,1,1,0,38.0,48.0,Cx cardiovascular infantil,5.2,59,34.7,4,4,0,16,22
c3ae4bbb-ba12-4294-8666-ceacd4e14ac6,Cx infantil,7.79,81.0,48.29,23,6,17,95.0,95.0,Cx infantil,7.79,73,44.29,20,17,3,66,62
bbc5067d-b121-43a6-8d81-bdb75b340b94,Cx infantil,7.5,74.0,44.5,27,10,17,84.0,85.0,Cx infantil,7.5,73,44.0,24,20,4,64,62
04236dec-d851-4df8-9174-691bdc4d16a5,Cx infantil,7.95,56.0,35.95,18,31,-13,42.0,38.0,Cx infantil,6.95,63,38.45,29,30,-1,31,30
af6229cc-20af-4cdb-a383-7a6687f8d988,Cx infantil,5.8,60.0,35.8,46,33,13,41.0,48.0,Pediatria,5.8,70,40.8,297,202,95,44,52
fcf61216-4ff0-4c54-82e9-eb4dbad407d6,Cx infantil,7.81,52.0,33.81,22,38,-16,32.0,29.0,Cx infantil,6.42,46,29.42,36,37,-1,5,4
3dfb7c97-35c2-46ea-b93b-2c4af22d8e21,Cx plastica,6.39,75.0,43.89,20,4,16,82.0,87.0,Tocoginecologia,6.39,77,44.89,269,119,150,70,76
6db2bd75-50a1-45e2-b96e-3bdc3875a222,Cx plastica,8.44,61.0,38.94,6,7,-1,56.0,51.0,Cx plastica,8.44,61,38.94,3,3,0,34,26
0a7f4b86-deec-4f58-94a8-f5c816d64749,Cx plastica,8.8,52.0,34.8,2,12,-10,36.0,29.0,Cx plastica,8.8,58,37.8,1,4,-3,28,20
6e4dd460-c35b-4097-b654-f12f423fc21c,Cx plastica,6.81,,,16,24,-8,,,Anestesiologia,6.81,46,29.81,242,311,-69,5,4
53921cb3-ebf3-432e-a68e-7b8bcd6db8e9,Cx plastica,4.2,,,23,25,-2,,,Cx plastica,4.2,52,30.2,12,10,2,6,10
f24d04ad-54b8-43f9-a94d-b5b5486c7a37,Dermatologia,9.16,82.0,50.16,9,6,3,98.0,96.0,Pediatria,9.16,84,51.16,3,4,-1,97,95
667057d2-026c-469c-825e-3aaceacb8d35,Dermatologia,8.37,80.0,48.37,59,10,49,95.0,94.0,Dermatologia,8.37,75,45.87,41,39,2,76,69
3aade698-b3cf-40d7-9f8e-baf3879bfc2a,Dermatologia,8.32,78.0,47.32,66,13,53,93.0,92.0,Dermatologia,8.32,73,44.82,42,46,-4,70,62
fa5dbc0f-5b44-4e96-aee3-19b53f7e2f36,Dermatologia,6.04,81.0,46.54,208,18,190,91.0,95.0,Neurologia,6.04,74,43.04,76,42,34,57,65
3f7a90f0-ebbb-45c6-a6dd-f9ce64be3343,Dermatologia,8.1,75.0,45.6,99,26,73,88.0,87.0,Dermatologia,8.1,65,40.6,51,88,-37,42,36
18dc7add-2eb2-4d2e-ae04-df3b0afcb70f,Dermatologia,7.98,72.0,43.98,110,35,75,82.0,81.0,Dermatologia,7.98,74,44.98,60,43,17,71,65
5a0294cf-d1a6-44a8-a005-83af1dbfed0e,Dermatologia,7.36,71.0,42.86,157,43,114,77.0,78.0,Dermatologia,7.36,76,45.36,96,41,55,73,73
53a68511-59ca-463d-929c-2023f7564d87,Dermatologia,7.57,70.0,42.57,145,46,99,76.0,76.0,Genetica,7.57,73,44.07,5,7,-2,64,62
0aae9a0c-a712-4bdb-8d4c-ab9ae4761f73,Dermatologia,6.69,71.0,42.19,187,52,135,74.0,78.0,Dermatologia,6.69,73,43.19,131,60,71,59,62
123cafd4-77ab-4415-b4aa-8f4d7ec07cf3,Dermatologia,6.73,70.0,41.73,186,55,131,72.0,76.0,NeuroCx,6.73,58,35.73,69,75,-6,19,20
e50cb081-4168-4029-9d72-87e118357b8c,Dermatologia,6.0,70.0,41.0,209,63,146,68.0,76.0,Dermatologia,6.0,70,41.0,144,83,61,45,52
05ede11d-0460-46bc-9126-f66326cda67c,Dermatologia,9.07,60.0,39.07,13,77,-64,57.0,48.0,Dermatologia,9.07,54,36.07,7,124,-117,21,13
63f225c7-65a2-47a8-afa0-2cb4657f3688,Dermatologia,6.38,64.0,38.38,199,88,111,54.0,59.0,Dermatologia,6.38,60,36.38,136,120,16,22,24
5dda5ef4-3af8-466d-99e8-b94634b760c6,Dermatologia,7.44,59.0,36.94,152,98,54,46.0,45.0,Dermatologia,7.44,69,41.94,92,71,21,51,49
4f7e449a-116f-4a99-91e8-4f2c1166dc7d,Dermatologia,7.89,58.0,36.89,119,99,20,46.0,43.0,Anestesiologia,7.89,61,38.39,85,264,-179,31,26
0d31de93-7393-4f99-be24-13e0c50bc750,Dermatologia,7.24,58.0,36.24,165,107,58,43.0,43.0,Dermatologia,7.24,58,36.24,103,123,-20,22,20
593c8433-9dc9-463e-a41d-7fe5ee11a2d5,Dermatologia,6.35,59.0,35.85,200,118,82,41.0,45.0,Dermatologia,6.35,75,43.85,137,55,82,63,69
12fe448b-7d0e-4704-864d-6634eca84307,Dermatologia,5.77,60.0,35.77,210,121,89,41.0,48.0,Dermatologia,5.77,61,36.27,145,122,23,22,26
5add075e-ec26-41f1-8038-ae3157e8a60e,Dermatologia,6.47,57.0,34.97,194,129,65,37.0,40.0,Tocoginecologia,6.47,67,39.97,262,221,41,39,42
e88444a6-3e8b-4f5f-b8a5-4866a4306e94,Dermatologia,8.25,53.0,34.75,82,131,-49,36.0,31.0,Neurologia,8.25,62,39.25,19,61,-42,35,28
e3635013-c332-400a-b971-586fc7717656,Dermatologia,6.91,51.0,32.41,176,159,17,25.0,26.0,Dermatologia,6.91,69,41.41,118,78,40,48,49
6db5f6f7-a033-46af-818a-6be8f85fb2d3,Dermatologia,8.29,47.0,31.79,72,166,-94,23.0,18.0,Endocrinologia,8.29,60,38.29,9,23,-14,31,24
10d3db83-05de-4862-ad25-f31ffdb24a2f,Dermatologia,8.0,39.0,27.5,108,191,-83,9.0,6.0,Dermatologia,0.0,54,27.0,163,160,3,2,13
4572fa14-bfda-4e45-85b0-60cfd3bfdfda,Dermatologia,4.7,41.0,25.2,224,201,23,5.0,8.0,Cx plastica,4.7,60,34.7,10,7,3,16,24
a216fdc7-50e1-4580-84b0-fc2f1910378e,Dermatologia,4.9,34.0,21.9,222,211,11,1.0,1.0,Anestesiologia,4.9,45,27.4,315,315,0,2,3
d2d8550a-90c2-4d2d-a238-6fc0b7abe56e,Dermatologia,9.47,,,4,217,-213,,,Dermatologia,9.47,73,45.97,1,37,-36,76,62
43073eac-b973-4cf3-849c-2fa6b3cb2407,Dx por imagenes,8.67,79.0,48.17,30,7,23,94.0,93.0,Dx por imagenes,8.67,69,43.17,21,51,-30,58,49
ce302fe8-730a-42df-9318-e99f8875f1f2,Dx por imagenes,7.79,75.0,45.29,119,15,104,87.0,87.0,Tocoginecologia,7.79,67,41.29,131,197,-66,47,42
748b1a4c-8ce5-448d-abf2-a7c699b7f7bd,Dx por imagenes,7.48,73.0,43.98,153,17,136,82.0,83.0,Dx por imagenes,7.48,78,46.48,101,23,78,79,80
77147704-ad23-43c3-a827-eefc323cb76c,Dx por imagenes,7.45,73.0,43.95,159,18,141,82.0,83.0,Gastroenterologia,7.45,69,41.95,40,31,9,51,49
52877554-9eb8-4c44-8b85-0cd3e6a9359f,Dx por imagenes,8.33,71.0,43.83,57,19,38,81.0,78.0,NeuroCx,8.33,81,48.83,17,9,8,91,89
56192937-72cf-444b-9844-05cde41bbb61,Dx por imagenes,7.57,71.0,43.07,147,23,124,78.0,78.0,Cx infantil,7.57,67,41.07,22,28,-6,46,42
077b304d-d2f6-43dc-bc5a-0a0aa8271e07,Dx por imagenes,7.4,66.0,40.4,170,44,126,64.0,65.0,Familiar,7.4,71,42.9,37,40,-3,57,55
4059f492-2cde-40bf-890c-f4f8cd267fe6,Dx por imagenes,7.25,66.0,40.25,180,46,134,64.0,65.0,Anestesiologia,7.25,71,42.75,187,191,-4,56,55
0bcb6e94-1ede-4ea1-b7dd-1d901d102b18,Dx por imagenes,6.22,68.0,40.22,231,47,184,63.0,70.0,Cirugia,6.22,74,43.22,346,144,202,59,65
991290fd-df7c-4bac-9b94-e41b183429df,Dx por imagenes,7.63,65.0,40.13,140,48,92,63.0,62.0,Anestesiologia,7.63,81,48.13,133,53,80,88,89
afab5145-7b72-4278-b784-228320a3ccf8,Dx por imagenes,7.6,65.0,40.1,141,49,92,63.0,62.0,Dx por imagenes,7.6,72,43.6,96,45,51,61,58
6d3ea3f4-ddc2-43c4-9159-2d26c997b57b,Dx por imagenes,7.02,66.0,40.02,198,52,146,62.0,65.0,Anestesiologia,7.02,77,45.52,221,122,99,74,76
14a6f23a-5986-44eb-aaff-9db12afc29ba,Dx por imagenes,7.48,65.0,39.98,154,53,101,62.0,62.0,Tocoginecologia,7.48,62,38.48,166,243,-77,32,28
c3fb9e50-91e1-456b-af82-a3b159a9afff,Dx por imagenes,6.23,66.0,39.23,230,62,168,58.0,65.0,Tocoginecologia,6.23,65,38.73,276,241,35,33,36
096f469c-753f-4c10-9410-a5b9c5f03ce9,Dx por imagenes,5.4,65.0,37.9,252,78,174,51.0,62.0,Anestesiologia,5.4,69,39.9,310,243,67,39,49
18402416-1c5b-4585-87f8-337b88ff5f38,Dx por imagenes,5.77,60.0,35.77,244,107,137,41.0,48.0,Patologia,5.77,55,33.27,39,38,1,12,14
df3beb6e-5cdb-44ab-975c-2011ccb445e3,Dx por imagenes,8.55,53.0,35.05,42,117,-75,37.0,31.0,Dermatologia,8.55,59,38.05,27,105,-78,30,22
e5a86b41-d391-4b1c-9f8f-391af95a97f3,Dx por imagenes,6.94,54.0,33.94,205,130,75,32.0,33.0,Dx por imagenes,6.94,62,37.94,133,104,29,29,28
0de5c2f0-7f56-4bab-b663-57f6c3e068b0,Dx por imagenes,8.88,49.0,33.38,19,137,-118,30.0,23.0,Gastroenterologia,8.88,38,27.88,8,69,-61,3,0
6dda7f41-81c7-4e0c-b7b6-b52549131338,Dx por imagenes,6.28,52.0,32.28,228,154,74,25.0,29.0,Dx por imagenes,6.28,59,35.78,165,131,34,20,22
efc8640d-b759-4162-8e02-dc21a637bb65,Dx por imagenes,8.6,47.0,32.1,38,156,-118,24.0,18.0,Cirugia,7.29,63,38.79,229,258,-29,33,30
1952e62f-ee41-45e9-9ea9-5db21042ac57,Dx por imagenes,5.6,53.0,32.1,249,157,92,24.0,31.0,Anestesiologia,5.6,66,38.6,304,262,42,32,39
6213d4e7-420e-4be2-a420-4828bd7728dc,Dx por imagenes,5.5,53.0,32.0,250,160,90,24.0,31.0,Dermatologia,5.5,47,29.0,152,153,-1,4,5
e820c274-0355-46cb-8a7e-b916c83e636d,Dx por imagenes,7.28,49.0,31.78,177,162,15,23.0,23.0,Dx por imagenes,7.28,47,30.78,117,169,-52,7,5
1d2c1e17-bb84-4c5e-ada8-6b1bf011752a,Dx por imagenes,7.6,47.0,31.1,144,166,-22,20.0,18.0,Dx por imagenes,7.6,59,37.1,98,114,-16,25,22
ce912818-ec78-4f4f-9d3c-c2eef60e25d1,Dx por imagenes,6.14,49.0,30.64,233,173,60,19.0,23.0,Urologia,7.04,62,38.04,71,70,1,29,28
1d3e3938-79db-4980-b966-30e22be246b1,Dx por imagenes,6.3,48.0,30.3,227,180,47,17.0,20.0,Traumatologia,6.3,55,33.8,154,149,5,14,14
e53eea05-df2b-4859-8e92-410e6caf51d2,Dx por imagenes,7.78,45.0,30.28,123,181,-58,17.0,14.0,Anestesiologia,7.78,57,36.28,111,283,-172,22,18
4df779a7-c5f2-4bb7-b983-6e83020ef70e,Dx por imagenes,6.65,47.0,30.15,218,185,33,16.0,18.0,Dx por imagenes,6.65,57,35.15,151,137,14,18,18
ce92a179-596c-494b-a444-5901e6982b2a,Dx por imagenes,7.16,45.0,29.66,189,192,-3,15.0,14.0,Tocoginecologia,7.16,60,37.16,206,265,-59,26,24
bca3cf8b-f74d-43be-ac08-c68bfcb6544b,Dx por imagenes,6.1,47.0,29.6,237,193,44,15.0,18.0,Dx por imagenes,6.1,52,32.1,171,163,8,9,10
5df40c2c-3d2a-4d91-8463-02a1ba0ce363,Dx por imagenes,7.17,44.0,29.17,188,202,-14,13.0,13.0,Dx por imagenes,7.17,52,33.17,122,156,-34,12,10
2e6e3f70-6b53-47a7-b90e-b44a2f60c5fe,Dx por imagenes,7.68,42.0,28.68,133,209,-76,12.0,9.0,Neurologia,6.04,46,29.04,77,84,-7,4,4
3cf11b9a-7ca9-4a38-b320-89c7579fc274,Dx por imagenes,7.44,41.0,27.94,162,218,-56,10.0,8.0,Dx por imagenes,7.44,54,34.44,104,149,-45,15,13
b862da79-6c61-41ac-9534-fd1a09394e1e,Dx por imagenes,6.13,43.0,27.63,235,221,14,9.0,11.0,Anestesiologia,5.93,48,29.93,291,310,-19,6,6
751e0092-3b50-4744-8762-51f62465d778,Dx por imagenes,5.3,44.0,27.3,259,222,37,8.0,13.0,Cirugia,5.3,50,30.3,395,377,18,6,8
ef52bee4-f778-4ca3-9ae9-79400e48c9d2,Dx por imagenes,6.14,42.0,27.14,234,223,11,8.0,9.0,Traumatologia,6.14,52,32.14,159,155,4,10,10
d2315d23-1d78-4d8f-a650-09566118c8af,Dx por imagenes,5.37,43.0,26.87,255,227,28,8.0,11.0,Dx por imagenes,6.26,51,31.76,166,166,0,9,9
0f0ec5a1-c9d6-4e1e-8136-771ea3c54f47,Dx por imagenes,4.9,42.0,25.9,263,233,30,6.0,9.0,Gastroenterologia,4.9,40,24.9,71,72,-1,1,1
67a979ef-90d3-4725-a4e8-872ba3fdfc0f,Dx por imagenes,5.8,40.0,25.8,242,234,8,6.0,7.0,Traumatologia,5.8,47,29.3,169,173,-4,5,5
7467258d-1506-42eb-87f4-e46c9855ffd7,Dx por imagenes,5.12,36.0,23.12,261,248,13,2.0,3.0,Dx por imagenes,5.12,44,27.12,187,190,-3,2,2
98fb53b2-dc06-4500-b681-382a38b84369,Dx por imagenes,5.7,29.0,20.2,246,253,-7,0.0,0.0,Dermatologia,5.7,46,28.7,148,155,-7,4,4
e968b7d1-70e9-461e-8a63-79df0ee85b3f,Dx por imagenes,8.63,,,35,256,-221,,,Tocoginecologia,8.63,70,43.63,31,148,-117,61,52
213c4083-9a9e-4070-a2f0-df8d47fe5001,Dx por imagenes,6.87,,,210,267,-57,,,Cirugia,6.87,64,38.87,277,255,22,33,33
92e26ff9-ccec-45f4-b382-5c641246b079,Dx por imagenes,4.7,,,265,268,-3,,,Dx por imagenes,4.7,42,25.7,191,191,0,1,1
c239d008-d237-4990-bcea-4b3ed90103cb,Emergentologia,7.77,65.0,40.27,9,4,5,64.0,62.0,Cirugia,7.77,50,32.77,148,358,-210,11,8
4e8eb88c-9d06-4015-92c2-8631346b139f,Emergentologia,6.78,61.0,37.28,19,10,9,48.0,51.0,Emergentologia,6.78,61,37.28,25,32,-7,26,26
7e5a3d12-08d1-4a18-99f4-3d33091663fa,Emergentologia,7.88,50.0,32.88,7,15,-8,28.0,24.0,Traumatologia,7.88,65,40.38,57,72,-15,41,36
8a4d1010-5913-40ea-a0b8-d08a2253bfb6,Emergentologia,5.81,53.0,32.31,27,18,9,25.0,31.0,Emergentologia,5.81,62,36.81,39,33,6,24,28
8f64f7ed-00a9-44a9-b252-7b92b5dd2d2e,Emergentologia,8.02,43.0,29.52,5,23,-18,15.0,11.0,Traumatologia,8.02,50,33.02,49,153,-104,12,8
6e4f8cea-afa9-479b-8d50-70789fd98bda,Endocrinologia,7.22,64.0,39.22,46,20,26,58.0,59.0,Endocrinologia,7.22,67,40.72,25,17,8,43,42
d9455d05-ae63-4d38-b046-96a6a8f67fe7,Endocrinologia,6.8,64.0,38.8,51,24,27,56.0,59.0,Neurologia,6.8,49,31.3,62,80,-18,8,7
54175fc4-e385-46dc-8221-9d55f80ad44d,Endocrinologia,5.9,54.0,32.9,63,47,16,28.0,33.0,Endocrinologia,5.92,57,34.42,32,30,2,15,18
2c336ce4-5447-4c21-aab4-6e6a1a36a174,Endocrinologia,6.1,50.0,31.1,61,50,11,20.0,24.0,Gastroenterologia,6.1,67,39.6,63,43,20,37,42
bade3ca8-3b81-4732-8ea0-d1722988517f,Endocrinologia,5.1,51.0,30.6,67,54,13,18.0,26.0,Neurologia,5.1,50,30.1,82,81,1,6,8
24454794-a2f7-479b-b932-4cd75f72a087,Endocrinologia,6.79,47.0,30.29,52,56,-4,17.0,18.0,Anestesiologia,6.79,54,33.79,245,298,-53,14,13
16cf8106-a42f-4eae-b03f-27593de91a26,Endocrinologia,7.16,38.0,26.16,47,62,-15,6.0,4.0,Familiar,7.16,63,38.66,46,68,-22,32,30
82dc894b-fc60-4b02-9590-2be960057c57,Familiar,8.74,80.0,48.74,7,3,4,96.0,94.0,Tocoginecologia,8.74,79,48.24,22,47,-25,89,83
deafe707-aed5-49cd-af5e-2b79041af5b9,Familiar,9.14,77.0,47.64,2,4,-2,94.0,90.0,Pediatria,9.14,86,52.14,4,1,3,98,97
36bd33df-0b97-4a09-a9b8-a72ec2306b22,Familiar,7.63,76.0,45.63,27,10,17,88.0,89.0,Tocoginecologia,7.63,81,48.13,146,51,95,88,89
638dcffe-8855-4190-85ee-bbe573de10af,Familiar,7.22,63.0,38.72,40,39,1,55.0,56.0,Traumatologia,7.22,69,41.72,103,57,46,50,49
f963c938-2dc3-4fd4-87a2-f28199121010,Familiar,6.59,63.0,38.09,64,42,22,52.0,56.0,Cirugia,6.59,68,40.59,312,212,100,42,46
d96aec9b-5968-495b-8e24-bee3d3c7c764,Familiar,6.98,60.0,36.98,49,47,2,46.0,48.0,Pediatria,6.98,74,43.98,207,132,75,63,65
5aae2af7-386d-4247-9701-69fdff5c098b,Familiar,5.81,56.0,33.81,83,62,21,32.0,38.0,Tocoginecologia,5.81,71,41.31,295,196,99,47,55
eee6c0fc-f107-446e-a2f8-d7a04eb7af6e,Fisiatria,7.3,53.0,33.8,13,13,0,32.0,31.0,Dx por imagenes,7.3,69,41.8,112,62,50,50,49
c2b86532-c549-4cba-ab27-8b3dd0de750f,Fisiatria,5.6,39.0,25.1,18,17,1,5.0,6.0,Fisiatria,5.6,35,23.1,8,8,0,0,0
487222ee-f687-4b53-81ab-9794189892b7,Gastroenterologia,9.08,71.0,44.58,14,21,-7,84.0,78.0,Cardiologia,9.08,69,43.58,13,94,-81,61,49
e9d267d9-d757-4d49-aba0-a472f8d72ae9,Gastroenterologia,7.05,65.0,39.55,98,53,45,60.0,62.0,Gastroenterologia,7.05,64,39.05,51,44,7,34,33
fc6badff-c628-44f4-baf6-da7df18c019c,Gastroenterologia,8.6,60.0,38.6,40,59,-19,55.0,48.0,Oftalmologia,8.6,66,41.6,27,95,-68,49,39
20283b6a-3829-4a6d-84b3-62628dd48ffe,Gastroenterologia,9.06,58.0,38.06,16,61,-45,52.0,43.0,Cirugia,9.06,72,45.06,13,95,-82,71,58
221a7a2a-d073-4585-a967-1563dd18981a,Gastroenterologia,6.38,59.0,35.88,115,75,40,41.0,45.0,Gastroenterologia,6.38,61,36.88,59,52,7,24,26
e602a03f-6c0c-4836-97df-6776e3233d67,Gastroenterologia,8.5,45.0,31.0,46,106,-60,20.0,14.0,Gastroenterologia,8.5,47,32.0,18,63,-45,9,5
f54e09e5-64ba-4862-a6c8-b4dcbbc3af58,Gastroenterologia,6.55,46.0,29.55,111,113,-2,15.0,16.0,Gastroenterologia,5.65,52,31.65,66,64,2,9,10
f26f436f-c1cc-4cee-afe0-64c86a38c23e,Genetica,9.33,84.0,51.33,1,1,0,99.0,98.0,Pediatria,9.33,79,48.83,1,30,-29,91,83
351739af-6471-46ce-81d6-2dddf119477e,Genetica,7.79,83.0,49.29,4,2,2,97.0,97.0,Pediatria,7.79,84,49.79,103,17,86,94,95
df68e517-e7af-4277-be72-32ddcaff4fce,Genetica,7.54,71.0,43.04,5,4,1,78.0,78.0,Genetica,7.54,66,40.54,6,9,-3,42,39
833c1bcb-9bd2-42da-93e7-d13ffff886d2,Geriatria,6.29,51.0,31.79,6,6,0,23.0,26.0,Familiar,6.29,59,35.79,72,79,-7,20,22
70557c2e-35e9-4c39-a308-0d34bd5f15f6,Hematologia,5.57,41.0,26.07,22,23,-1,6.0,8.0,Cardiologia,5.55,50,30.55,209,214,-5,7,8
eee095e4-f3bf-4761-bcd4-3786b20be8e9,Infectologia,6.43,67.0,39.93,25,17,8,62.0,68.0,Familiar,6.43,65,38.93,70,64,6,34,36
8a11f325-c057-4cd9-8be2-8fc1e0b01076,Infectologia,7.72,47.0,31.22,14,27,-13,21.0,18.0,Oftalmologia,7.72,58,36.72,78,139,-61,24,20
ad702a70-50b6-4f9b-91e3-101f4fd971f0,Nefrologia,8.66,61.0,39.16,13,10,3,58.0,51.0,Endocrinologia,8.66,64,40.66,3,18,-15,43,33
d5ba787c-364f-47a6-92df-c9b020bf1c8a,Nefrologia,6.07,63.0,37.57,28,16,12,50.0,56.0,Gastroenterologia,6.07,60,36.07,64,58,6,21,24
061f8e52-35f5-4e03-96ee-e25e2729b4fb,Nefrologia,5.0,39.0,24.5,32,32,0,4.0,6.0,Cardiologia,5.0,44,27.0,222,225,-3,2,2
d92eb068-68f1-4205-9ee7-41c83b1353db,Nefrologia,4.7,39.0,24.2,33,33,0,4.0,6.0,Traumatologia,4.7,37,23.2,188,192,-4,0,0
872d6b38-119e-43d8-8d62-7d13c21d52e5,Neumonologia,7.88,51.0,33.38,10,9,1,30.0,26.0,Neumonologia,6.41,48,30.41,13,17,-4,7,6
f2c5fd48-f51d-4507-9e90-8cd2b32b0c7e,Neumonologia,5.83,49.0,30.33,21,12,9,17.0,23.0,Emergentologia,5.8,49,30.3,40,44,-4,6,7
fda875b2-6d78-4545-9c5e-f40ad99112e4,Neumonologia,6.03,48.0,30.03,19,13,6,16.0,20.0,Cardiologia,6.0,48,30.0,199,217,-18,6,6
9b5c60d9-e4b4-4488-a0ad-92f8e914ea70,Neumonologia,7.81,37.0,26.31,11,18,-7,7.0,4.0,Reumatologia,7.8,47,31.3,6,14,-8,8,5
48502c0b-42d0-4933-9ece-aba40884a547,Neumonologia,5.96,35.0,23.46,20,20,0,3.0,2.0,Oftalmologia,0.0,42,21.0,176,176,0,0,1
2332e0b8-f84f-42f2-9a5d-df81b8380c77,Neumonologia,4.6,37.0,23.1,22,21,1,2.0,4.0,UTI,4.6,52,30.6,84,79,5,7,10
13e56368-cfe1-4115-8c4c-d0e4fe9e8e73,NeuroCx,7.72,81.0,48.22,63,6,57,95.0,95.0,NeuroCx,6.75,63,38.25,68,67,1,30,30
6a431972-e46a-4e09-b5e9-0d18f94bd9bc,NeuroCx,6.95,80.0,46.95,88,10,78,92.0,94.0,NeuroCx,6.95,63,38.45,62,66,-4,31,30
3188d5bb-c85e-48ff-99fb-6fb132405988,NeuroCx,7.9,77.0,46.4,51,13,38,90.0,90.0,NeuroCx,7.9,73,44.4,31,27,4,67,62
f59cfec4-bc4d-49c2-9e88-0113a9c62256,NeuroCx,8.09,75.0,45.59,40,17,23,88.0,87.0,NeuroCx,8.09,74,45.09,25,25,0,71,65
773a3c27-828e-4a68-82f9-174be80b1c46,NeuroCx,7.4,74.0,44.4,75,22,53,83.0,85.0,NeuroCx,7.4,69,41.9,45,46,-1,51,49
949cc0c9-2455-4754-be7e-49a7951cc692,NeuroCx,8.13,71.0,43.63,37,26,11,81.0,78.0,NeuroCx,8.13,71,43.63,21,31,-10,61,55
1a712fea-4992-407e-8aa4-65cd4c0065b4,NeuroCx,7.05,72.0,43.05,85,31,54,78.0,81.0,NeuroCx,7.05,72,43.05,59,37,22,57,58
870c6a5b-1092-4393-b5a2-f0593e1f9867,NeuroCx,7.55,69.0,42.05,69,36,33,74.0,73.0,Cirugia,7.55,70,42.55,184,153,31,55,52
f5ab5990-a002-463d-b84a-582425c1139f,NeuroCx,8.52,67.0,42.02,11,37,-26,74.0,68.0,NeuroCx,8.52,67,42.02,10,44,-34,52,42
1c2ed84f-c66a-4bef-9fa0-ecebbe35fe60,NeuroCx,7.27,69.0,41.77,78,39,39,72.0,73.0,Anestesiologia,7.27,69,41.77,184,209,-25,50,49
3b31763c-4977-435f-af9c-b78bafadfcfa,NeuroCx,5.6,70.0,40.6,112,43,69,66.0,76.0,NeuroCx,5.6,73,42.1,87,43,44,52,62
89f589d8-b4ad-459c-b1da-168e699be45b,NeuroCx,7.49,66.0,40.49,71,44,27,65.0,65.0,NeuroCx,7.49,70,42.49,42,41,1,54,52
1653975c-7c2d-42ae-8ba3-85b2f80cca64,NeuroCx,6.7,65.0,39.2,95,52,43,58.0,62.0,NeuroCx,6.7,51,32.2,70,83,-13,10,9
7e2794d6-fe19-4088-b093-db94be159a14,NeuroCx,6.39,62.0,37.39,103,59,44,49.0,54.0,NeuroCx,6.39,59,35.89,75,73,2,20,22
3396a7a4-f3d1-4f39-bfe9-e27b2972cd4d,NeuroCx,8.13,58.0,37.13,38,61,-23,47.0,43.0,NeuroCx,8.13,65,40.63,23,57,-34,43,36
a5aa9e02-9875-47d6-8ac9-aded2a8d064d,NeuroCx,5.6,56.0,33.6,113,76,37,31.0,38.0,NeuroCx,5.6,53,32.1,88,84,4,9,11
0bac3d8d-9c71-413b-8199-6c635ca106e0,NeuroCx,8.19,48.0,32.19,32,86,-54,24.0,20.0,NeuroCx,8.19,62,39.19,20,63,-43,35,28
2594fb8e-588b-494e-969a-7472491bda0b,NeuroCx,8.25,46.0,31.25,29,93,-64,21.0,16.0,NeuroCx,7.66,56,35.66,37,76,-39,19,16
d13abf92-176a-44cb-a539-fe4bcfabb87d,NeuroCx,6.85,48.0,30.85,92,95,-3,19.0,20.0,Cirugia,6.85,47,30.35,283,376,-93,6,5
85bdba7b-5889-435e-a243-947d421a82fd,NeuroCx,6.0,49.0,30.5,106,96,10,18.0,23.0,NeuroCx,6.0,47,29.5,85,88,-3,5,5
1f2fee1d-bf67-4558-a83e-8cda93f97320,NeuroCx,7.96,45.0,30.46,48,97,-49,18.0,14.0,NeuroCx,5.89,45,28.39,86,89,-3,3,3
594183e9-1aa6-43e0-a36a-f87da163ce0a,NeuroCx,8.41,43.0,29.91,16,101,-85,16.0,11.0,NeuroCx,8.41,47,31.91,15,85,-70,9,5
e622c289-7ea8-4821-bcf7-013e835f0ce8,NeuroCx,7.78,41.0,28.28,61,108,-47,11.0,8.0,NeuroCx,7.78,47,31.28,33,86,-53,8,5
e95c8416-f23d-4d58-9e86-99cffc89338c,Neurologia,8.14,77.0,46.64,25,9,16,91.0,90.0,Neurologia,8.14,85,50.64,23,4,19,96,96
c00eb97d-f8da-44cd-9582-a8d1b3b86514,Neurologia,6.88,69.0,41.38,74,35,39,70.0,73.0,Neurologia,6.88,65,39.38,59,60,-1,36,36
473c0b9d-681f-4fd6-b976-6ddee5c1c453,Neurologia,6.95,68.0,40.95,67,38,29,67.0,70.0,Neurologia,6.71,66,39.71,66,58,8,38,39
1e7c3128-68ab-4107-9639-538f6fc1e1e2,Neurologia,7.18,66.0,40.18,55,47,8,63.0,65.0,Emergentologia,7.18,57,35.68,22,35,-13,19,18
41405e38-b54a-4ccd-9668-2ab21fc6731f,Neurologia,6.72,66.0,39.72,83,50,33,61.0,65.0,Neurologia,6.72,74,43.72,65,38,27,62,65
c756bd4f-8f7b-4a78-9684-9b47a29a1d0f,Neurologia,7.09,63.0,38.59,61,52,9,55.0,56.0,NeuroCx,7.09,72,43.09,57,36,21,58,58
bfb833a9-46a0-469f-9024-1328647cdb38,Neurologia,7.26,61.0,37.76,52,57,-5,51.0,51.0,Neurologia,7.26,73,43.76,51,37,14,62,62
56536b52-9c7f-4a96-b0fa-e4be774da0ba,Neurologia,7.07,61.0,37.57,62,58,4,50.0,51.0,NeuroCx,7.07,68,41.07,58,52,6,46,46
86702576-e3cc-43ac-a207-7c90997838fe,Neurologia,8.02,58.0,37.02,31,61,-30,47.0,43.0,NeuroCx,8.02,80,48.02,27,11,16,88,86
9aa106df-8eda-4665-a8db-0dc0cf435523,Neurologia,6.66,58.0,35.66,84,67,17,40.0,43.0,Neurologia,6.66,59,36.16,68,72,-4,21,22
4bc565bd-37e3-4756-a5da-680501727132,Neurologia,5.0,61.0,35.5,98,68,30,39.0,51.0,Neurologia,5.0,65,37.5,83,65,18,27,36
25df59f6-10bc-47d3-a233-a7ab7a6a638c,Neurologia,7.19,53.0,33.69,54,75,-21,31.0,31.0,Neurologia,7.19,68,41.19,54,51,3,46,46
f935ef44-12a7-4446-a55f-7e9b86b9a0aa,Neurologia,6.2,47.0,29.7,90,87,3,15.0,18.0,Cx cardiovascular,6.2,54,33.2,18,21,-3,12,13
6752b9d4-026f-4f69-9d4b-e9426d005463,Neurologia,6.05,33.0,22.55,92,94,-2,2.0,1.0,Neurologia,6.52,44,28.52,72,85,-13,3,2
191ee3c1-12c5-4991-bd36-66eeed58e172,Neurologia,4.3,36.0,22.3,99,96,3,2.0,3.0,Emergentologia,5.3,51,30.8,42,43,-1,7,9
42e2f33a-3002-4ed7-9d3c-3ee793bf22c5,Neurologia,6.53,,,86,99,-13,,,Oftalmologia,6.53,70,41.53,147,97,50,49,52
14ffd143-3747-42eb-bc7f-8ad665b1e11e,Neurologia,6.2,,,91,100,-9,,,Neurologia,5.3,72,41.3,81,49,32,47,58
dc60ac1e-b84c-4c69-814b-d0dd6c71386e,ORL,7.81,87.0,51.31,106,1,105,99.0,99.0,ORL,7.81,67,41.31,39,38,1,47,42
dfcb716d-5bea-401f-ba2a-aa19552ef01b,ORL,8.28,84.0,50.28,79,2,77,98.0,98.0,Cirugia,8.28,80,48.28,80,39,41,89,86
3ec4c960-d8c7-4566-830e-0b50505e44cc,ORL,7.85,75.0,45.35,104,14,90,87.0,87.0,Tocoginecologia,7.85,74,44.85,118,120,-2,70,65
2b03a92e-6bd1-4fe8-9425-362797affc48,ORL,7.57,74.0,44.57,118,22,96,84.0,85.0,Tocoginecologia,7.57,62,38.57,156,242,-86,32,28
f1e4411b-c98f-4bc1-9384-1f5c5b003f52,ORL,7.53,72.0,43.53,121,29,92,80.0,81.0,ORL,8.53,63,40.03,16,41,-25,40,30
2fbd2be9-6fcd-4eee-a4ed-45682920ced1,ORL,8.52,66.0,41.52,59,42,17,71.0,65.0,NeuroCx,8.52,65,41.02,11,53,-42,45,36
558663b3-3248-4868-9934-05eb84ff0176,ORL,7.65,66.0,40.65,110,54,56,66.0,65.0,Cirugia,7.65,67,41.15,166,193,-27,46,42
952a8ee1-8b19-48a4-99e9-077ebea06ada,ORL,7.07,66.0,40.07,144,58,86,63.0,65.0,ORL,7.07,62,38.07,62,48,14,30,28
2eae0b0f-e51b-41f2-9845-4052846a11d9,ORL,5.95,64.0,37.95,176,78,98,52.0,59.0,ORL,5.95,62,36.95,77,56,21,24,28
b35dd5af-212c-47bc-8283-d9aa6b50d6a4,ORL,7.18,55.0,34.68,138,103,35,35.0,36.0,ORL,7.18,65,39.68,55,43,12,38,36
6d7c8e78-35ee-4ff8-9db5-4d731b2ea93c,ORL,9.0,51.0,34.5,12,105,-93,35.0,26.0,ORL,9.0,49,33.5,8,72,-64,13,7
638d0480-5f79-43a2-b02c-ed2e636cdc1e,ORL,8.7,51.0,34.2,48,108,-60,33.0,26.0,Cirugia,8.7,37,27.2,44,399,-355,2,0
bb746933-9e59-45f0-a286-8da85c1967ad,ORL,6.96,52.0,32.96,149,124,25,28.0,29.0,ORL,6.96,56,34.96,70,65,5,17,16
9745dcdd-2e66-43b7-b259-e731b896e025,ORL,7.1,51.0,32.6,143,129,14,26.0,26.0,ORL,7.1,54,34.1,60,71,-11,14,13
8c575710-0767-4129-9645-9650bdbbae84,ORL,7.5,47.0,31.0,125,139,-14,20.0,18.0,ORL,7.5,57,36.0,49,59,-10,21,18
e912a90c-1cdb-4f67-9559-90e469af4d0b,ORL,8.28,45.0,30.78,80,140,-60,19.0,14.0,ORL,8.28,52,34.28,24,70,-46,15,10
05a09a87-5bf8-4f07-88e5-5769a7e74234,ORL,5.86,49.0,30.36,178,142,36,17.0,23.0,ORL,5.86,53,32.36,78,75,3,10,11
4e97fa8a-c9a6-4260-95e3-5c4a32752e58,ORL,6.75,44.0,28.75,156,151,5,12.0,13.0,Cirugia,6.58,46,29.58,313,382,-69,5,4
70ac2afa-2238-435d-8ba0-41f8775e07d5,ORL,6.11,44.0,28.11,170,155,15,10.0,13.0,ORL,6.11,49,30.61,76,76,0,7,7
913394db-3e79-42d8-b2cd-a8d5e17c0cc9,ORL,7.0,39.0,26.5,147,159,-12,7.0,6.0,ORL,7.0,55,34.5,68,68,0,15,14
c49d3791-7d05-4b60-a86d-59874fbba2c1,ORL,7.03,37.0,25.53,145,164,-19,5.0,4.0,ORL,7.03,42,28.03,65,80,-15,3,1
9de4c68f-352e-4320-b72e-deeb266d375d,ORL,8.9,,,25,174,-149,,,ORL,8.9,41,29.4,9,77,-68,5,1
898065d3-fd7b-4ed5-b3f8-3c478df9cde9,ORL,7.87,,,102,176,-74,,,ORL,7.78,51,33.28,40,73,-33,12,9
7f0bea34-4c0f-4b7a-9e7a-05ceda9d1a02,Oftalmologia,8.26,85.0,50.76,66,3,63,98.0,98.0,Cirugia,8.26,79,47.76,86,48,38,86,83
a941b9d1-b077-4bd7-8d6d-1e33e563c1da,Oftalmologia,7.4,82.0,48.4,125,12,113,95.0,96.0,Urologia,7.4,76,45.4,57,30,27,73,73
262aaa1e-ca81-4696-ac26-fd2b0f4a77d1,Oftalmologia,8.16,76.0,46.16,74,23,51,90.0,89.0,Oftalmologia,8.16,73,44.66,52,62,-10,69,62
923cc7ed-39c1-42d4-b2eb-abdb600860dc,Oftalmologia,8.65,75.0,46.15,35,24,11,89.0,87.0,Oftalmologia,8.65,71,44.15,22,71,-49,65,55
aa53636e-e5f1-49c4-8d66-d9839d12ee4b,Oftalmologia,8.75,73.0,45.25,28,28,0,87.0,83.0,Anestesiologia,8.75,74,45.75,11,115,-104,75,65
3493542b-269c-43c1-91d4-10d359a77183,Oftalmologia,7.86,74.0,44.86,95,30,65,86.0,85.0,Oftalmologia,7.86,73,44.36,72,67,5,66,62
81a98e52-5787-4ea1-a5ef-1e15549ab8b2,Oftalmologia,7.32,73.0,43.82,135,40,95,81.0,83.0,Urologia,7.32,75,44.82,60,32,28,70,69
f39cea04-0d26-4b74-8ded-8bbd1de3404b,Oftalmologia,8.32,70.0,43.32,59,42,17,79.0,76.0,Oftalmologia,8.32,72,44.32,40,70,-30,66,58
c8124b8c-99aa-436e-bf0d-95d1b214b0e5,Oftalmologia,6.98,71.0,42.48,165,45,120,76.0,78.0,Cirugia,6.98,66,39.98,265,226,39,39,39
0eef54e7-020e-4b84-b71f-51f153694575,Oftalmologia,6.27,72.0,42.27,197,49,148,75.0,81.0,Oftalmologia,6.27,73,42.77,151,80,71,56,62
7e91bf61-3fb2-4312-9195-1484ac26e34e,Oftalmologia,7.76,69.0,42.26,101,50,51,75.0,73.0,Oftalmologia,7.76,77,46.26,76,42,34,78,76
c3812b67-d346-4573-8f61-c54af4d69b3c,Oftalmologia,7.66,69.0,42.16,109,52,57,74.0,73.0,NeuroCx,7.66,76,45.66,36,20,16,75,73
e74784e0-8ee1-4eac-931e-9eebcb6ad748,Oftalmologia,7.88,68.0,41.88,93,56,37,73.0,70.0,Anestesiologia,7.88,78,46.88,87,80,7,82,80
f37683f0-3e2c-4c09-8bd7-b6ec6479e3ce,Oftalmologia,6.76,70.0,41.76,181,57,124,72.0,76.0,Anestesiologia,6.76,70,41.76,248,210,38,50,52
80c90036-e32a-44d3-b1b2-487000cc5aef,Oftalmologia,7.18,68.0,41.18,144,62,82,69.0,70.0,Oftalmologia,7.18,66,40.18,114,112,2,40,39
6ef324b7-397c-4950-bc36-fb53e2099e6f,Oftalmologia,6.65,67.0,40.15,186,78,108,63.0,68.0,Oftalmologia,6.65,65,39.15,140,120,20,35,36
68affb40-4e5c-435f-9b2b-dabd693e695d,Oftalmologia,6.02,68.0,40.02,208,80,128,62.0,70.0,Oftalmologia,6.02,72,42.02,159,92,67,52,58
55f1c0f0-5888-4322-a22d-9684741ed62e,Oftalmologia,6.91,62.0,37.91,170,115,55,52.0,54.0,Oftalmologia,6.91,72,42.91,128,79,49,57,58
40cbb1ba-8dc0-4674-9451-512df0e4cda4,Oftalmologia,6.79,62.0,37.79,179,116,63,51.0,54.0,Traumatologia,6.79,56,34.79,133,139,-6,16,16
a966480e-98a1-462a-b87d-dd316fdef36f,Oftalmologia,6.52,61.0,37.02,191,123,68,47.0,51.0,Cirugia,6.52,68,40.52,319,214,105,42,46
5164c144-3e98-41e2-9d88-8f6e53b03ca9,Oftalmologia,8.23,57.0,36.73,70,127,-57,45.0,40.0,ORL,7.0,72,43.0,67,28,39,57,58
491012fc-55ef-484c-92b0-a4187c023413,Oftalmologia,6.38,60.0,36.38,194,129,65,44.0,48.0,Cirugia,6.38,63,37.88,332,278,54,29,30
c8886e78-9f5d-4d67-8d3e-aea6589a0e2e,Oftalmologia,6.21,57.0,34.71,200,142,58,36.0,40.0,Oftalmologia,6.27,58,35.27,152,149,3,18,20
dd16257f-7eac-4565-a5b7-81efca2ad742,Oftalmologia,5.23,58.0,34.23,221,148,73,33.0,43.0,Oftalmologia,5.23,61,35.73,168,146,22,19,26
58110003-4463-433b-a53a-bd9f1120e4db,Oftalmologia,6.64,55.0,34.14,187,149,38,33.0,36.0,Oftalmologia,6.64,56,34.64,141,154,-13,16,16
bde690e5-92ad-43fd-a895-708b7d91c8b0,Oftalmologia,5.3,55.0,32.8,220,156,64,27.0,36.0,Oftalmologia,5.3,62,36.3,167,142,25,22,28
2e5ad5f2-b1d7-4659-b83d-0c7c084c9007,Oftalmologia,7.51,50.0,32.51,116,160,-44,26.0,24.0,Oftalmologia,7.51,65,40.01,87,113,-26,40,36
2279c90b-e063-49fd-8758-4230b8c3d456,Oftalmologia,5.98,52.0,31.98,211,161,50,23.0,29.0,Oftalmologia,5.98,53,32.48,160,165,-5,10,11
c284e966-40b9-4ddf-9b8a-97e86deda2cb,Oftalmologia,9.08,43.0,30.58,11,171,-160,18.0,11.0,Pediatria,9.08,75,46.58,6,71,-65,80,69
c90c7b0c-e947-4117-85f0-e283fd5a6122,Oftalmologia,7.0,32.0,23.0,164,207,-43,2.0,1.0,Alergia,7.0,40,27.0,5,6,-1,2,1
7c235650-5f27-4f6e-8958-37d995437d7a,Oftalmologia,5.76,31.0,21.26,215,211,4,1.0,0.0,Cirugia,5.76,48,29.76,373,381,-8,5,6
bea427a9-7dfa-48d8-ba05-43ffdbd0f7f2,Oftalmologia,8.76,,,27,214,-187,,,Urologia,8.76,72,44.76,14,33,-19,69,58
c1c4996f-2bf4-4814-8bd0-f56a8f79bc7b,Oncologia,7.09,71.0,42.59,19,8,11,76.0,78.0,Anestesiologia,7.09,72,43.09,213,187,26,58,58
27fbd0ee-f354-43cb-acca-b1ef33321d58,Oncologia,8.62,63.0,40.12,4,14,-10,63.0,56.0,Oncologia,8.62,40,28.62,2,19,-17,4,1
00fe7f2e-9801-4a7a-a8ec-7c9e376aa821,Patologia,7.99,79.0,47.49,14,1,13,93.0,93.0,Pediatria,7.99,67,41.49,84,186,-102,48,42
d5fc2e04-d2bd-4f09-a312-2760c85afb4a,Patologia,6.67,81.0,47.17,42,4,38,92.0,95.0,Tocoginecologia,6.67,73,43.17,244,162,82,58,62
dca265ae-cd4a-4bce-86ee-5ec7d2e607fd,Patologia,7.94,75.0,45.44,15,6,9,87.0,87.0,Anestesiologia,7.94,77,46.44,76,96,-20,79,76
2313e47f-eb86-4d8d-be63-7607ba77fc4f,Patologia,6.8,71.0,42.3,38,13,25,75.0,78.0,Dx por imagenes,6.8,66,39.8,139,87,52,38,39
8623821a-914c-43e0-b51a-7a3c02bceecd,Patologia,8.28,59.0,37.78,8,27,-19,51.0,45.0,Pediatria,8.28,76,46.28,56,76,-20,78,73
52c76ddf-426e-42a8-8f76-91cd48d50c9f,Patologia,7.58,49.0,32.08,23,41,-18,24.0,23.0,Patologia,5.94,45,28.44,37,43,-6,3,3
9575bffc-6461-49af-a3fb-59717b03f12b,Patologia,7.72,47.0,31.22,21,45,-24,21.0,18.0,Dermatologia,7.72,54,34.72,80,130,-50,16,13
0538f1e7-6d82-424f-8fa5-a769956caed0,Pediatria,7.93,77.0,46.43,157,42,115,90.0,90.0,ORL,7.93,74,44.93,33,18,15,70,65
457aec0f-d471-4881-9bf0-a439115d1287,Pediatria,7.77,77.0,46.27,188,43,145,90.0,90.0,Tocoginecologia,7.77,75,45.27,135,113,22,72,69
0790be23-9b92-49eb-8203-7b8a0b953390,Pediatria,7.94,67.0,41.44,155,123,32,70.0,68.0,Anestesiologia,7.94,64,39.94,79,241,-162,39,33
a9d4253e-9fa9-4d91-8161-be91e34239d2,Pediatria,7.93,58.0,36.93,159,227,-68,46.0,43.0,Cx infantil,7.93,67,41.43,16,26,-10,48,42
649c10a4-1758-4016-b456-e7da4a2bbf23,Pediatria,7.2,58.0,36.2,244,242,2,43.0,43.0,Tocoginecologia,7.2,60,37.2,201,264,-63,26,24
9307c027-8fdb-493d-876d-cd57e65234ca,Pediatria,8.0,56.0,36.0,147,246,-99,42.0,38.0,Pediatria,8.0,50,33.0,83,298,-215,12,8
ce753f1a-506a-4e19-9ef7-7f4d33d946cc,Pediatria,7.74,51.0,33.24,194,286,-92,29.0,26.0,Pediatria,7.0,61,37.5,206,256,-50,27,26
75cc855a-2ba4-4db5-b4ef-07d3dd345b36,Pediatria,8.02,50.0,33.02,143,288,-145,28.0,24.0,Pediatria,8.02,60,38.02,78,248,-170,29,24
f0487972-80a3-4701-9de9-96eef2f179d9,Pediatria,6.83,51.0,32.33,285,294,-9,25.0,26.0,Pediatria,6.83,60,36.83,219,267,-48,24,24
b40df2d5-cffe-4bac-9fce-468f5cb7f1ee,Pediatria,8.1,44.0,30.1,130,330,-200,16.0,13.0,Pediatria,7.2,45,29.7,187,314,-127,5,3
495ac3ad-ab19-4dfd-b8fa-4deb6c2346a7,Pediatria,6.0,43.0,27.5,350,352,-2,9.0,11.0,Tocoginecologia,6.0,46,29.0,287,306,-19,4,4
904c6a94-cf10-4349-a407-2ed420fa3add,Pediatria,5.6,43.0,27.1,370,355,15,8.0,11.0,Dermatologia,5.6,44,27.6,151,159,-8,2,2
0475ea69-8cbe-4b29-bcbb-994690ba3863,Pediatria,5.89,,,357,393,-36,,,Tocoginecologia,5.89,57,34.39,292,288,4,15,18
f47bb05c-8953-4c23-b158-64a928253161,Psiquiatria,7.95,75.0,45.45,59,10,49,87.0,87.0,Psiquiatria infanto juvenil,7.95,75,45.45,3,3,0,73,69
1d5e12fa-12b0-499c-8597-6a3bd86c3b2a,Psiquiatria,6.42,78.0,45.42,128,12,116,87.0,92.0,Clinica,6.42,73,42.92,248,150,98,57,62
6aad455c-35a5-446f-97a6-5c04b5213d3e,Psiquiatria,8.21,72.0,44.21,38,23,15,83.0,81.0,Anestesiologia,8.21,76,46.21,55,101,-46,78,73
0b312dcd-65e8-4b00-ac9e-eb53bed5ac60,Psiquiatria,6.49,56.0,34.49,125,101,24,35.0,38.0,Urologia,6.49,60,36.49,81,75,6,23,24
04b091a2-a627-458e-afae-aa8050088684,Psiquiatria,4.6,41.0,25.1,148,137,11,5.0,8.0,Psiquiatria,4.6,36,22.6,96,97,-1,0,0
ef8ae448-f3b2-4d8a-9686-d4482595f893,Psiquiatria,5.33,37.0,23.83,141,138,3,3.0,4.0,Traumatologia,4.3,47,27.8,192,183,9,2,5
a6ad8ff5-6c16-4617-ae78-ed4160107f74,Psiquiatria,5.05,37.0,23.55,144,139,5,3.0,4.0,Dx por imagenes,5.05,48,29.05,188,181,7,4,6
34b210f5-4c4c-4d6f-8e24-7e0be386c130,Psiquiatria,5.28,,,142,149,-7,,,Psiquiatria,6.18,52,32.18,81,88,-7,10,10
365d7253-5c22-4d5a-a522-a6ff1ac0b354,Reumatologia,7.93,36.0,25.93,10,13,-3,6.0,3.0,Reumatologia,7.93,57,36.43,5,13,-8,22,18
e42c5034-6ca5-4c6c-804a-68928cf99449,Reumatologia,6.0,34.0,23.0,14,14,0,2.0,1.0,Reumatologia,6.53,35,24.03,13,15,-2,0,0
3b34f429-b113-42a1-8f20-9f51a7d3c511,Reumatologia,4.7,31.0,20.2,15,15,0,0.0,0.0,Endocrinologia,4.7,44,26.7,39,38,1,2,2
9840514d-2278-45e4-8946-6dae23c5f854,Tocoginecologia,9.0,81.0,49.5,25,15,10,97.0,95.0,Cardiologia,9.0,74,46.0,15,53,-38,77,65
8b74330b-308b-4e0c-9cd2-88f5001ef66d,Tocoginecologia,7.32,76.0,45.32,200,55,145,87.0,89.0,Tocoginecologia,7.25,65,39.75,192,225,-33,38,36
4762d312-93ea-4438-af0c-93d7740be6bc,Tocoginecologia,8.19,74.0,45.19,89,57,32,87.0,85.0,Tocoginecologia,8.19,73,44.69,79,124,-45,69,62
326f9f23-0485-4ded-b5a1-0a8db790c892,Tocoginecologia,7.22,74.0,44.22,209,69,140,83.0,85.0,Tocoginecologia,7.22,84,49.22,198,28,170,93,95
1880c50d-e87e-4114-9321-c3e2d7fc9ebe,Tocoginecologia,7.96,69.0,42.46,118,98,20,76.0,73.0,Tocoginecologia,7.91,60,37.91,116,254,-138,29,24
730c41fe-fa9d-40b3-9457-4adc6dbaf6c4,Tocoginecologia,7.93,68.0,41.93,125,105,20,73.0,70.0,Tocoginecologia,7.93,71,43.43,110,152,-42,60,55
2d5be49b-4fab-4892-a20a-ad7dc55a6583,Tocoginecologia,7.61,68.0,41.61,166,113,53,71.0,70.0,Tocoginecologia,7.61,77,46.11,148,96,52,77,76
3f4290ca-f8c6-4536-be16-5495dead0def,Tocoginecologia,7.13,67.0,40.63,221,133,88,66.0,68.0,Tocoginecologia,7.13,65,39.63,207,228,-21,37,36
42fd4e24-d702-4b93-954f-56ebbf2ba46d,Tocoginecologia,7.87,65.0,40.37,136,138,-2,64.0,62.0,Tocoginecologia,7.75,71,43.25,137,160,-23,59,55
5d25e575-42b0-4d76-9b07-f463c3789bf1,Tocoginecologia,6.72,66.0,39.72,256,147,109,61.0,65.0,Tocoginecologia,6.72,53,33.22,240,292,-52,12,11
0a980a3a-a81b-41bc-bac4-8ff58cdb7d04,Tocoginecologia,6.57,66.0,39.57,274,152,122,60.0,65.0,Tocoginecologia,6.57,71,42.07,253,180,73,52,55
e18a64fc-01c1-475e-82ef-bd726fb6c675,Tocoginecologia,7.68,60.0,37.68,154,172,-18,50.0,48.0,Tocoginecologia,7.68,54,34.68,144,286,-142,16,13
e971d46b-42a3-4b41-8b24-7701dd47ae13,Tocoginecologia,5.4,62.0,36.4,309,194,115,44.0,54.0,Cirugia,6.2,64,38.2,349,269,80,30,33
75dd12fa-7fc8-4118-b903-5fea1be37c93,Tocoginecologia,6.62,59.0,36.12,269,204,65,42.0,45.0,Tocoginecologia,6.6,62,37.6,250,259,-9,28,28
08481324-a4f6-46a4-bc29-820f08ff2f44,Tocoginecologia,7.2,57.0,35.7,213,211,2,40.0,40.0,Tocoginecologia,7.2,57,35.7,202,280,-78,19,18
7eed8a33-d0ae-4519-91a6-6e42c1eb86a5,Tocoginecologia,5.43,60.0,35.43,308,215,93,39.0,48.0,Tocoginecologia,5.43,59,34.93,299,284,15,17,22
b3ae4e87-6500-47bb-a4a4-cfac682fcf60,Tocoginecologia,7.28,51.0,32.78,203,247,-44,27.0,26.0,Cirugia,7.28,56,35.28,233,321,-88,18,16
64b109a3-60c7-4195-927b-ac1897fa4892,Tocoginecologia,7.05,51.0,32.55,232,249,-17,26.0,26.0,Tocoginecologia,0.0,57,28.5,311,308,3,3,18
97c4ef66-9913-451c-9b58-34715007ae1e,Tocoginecologia,7.38,50.0,32.38,192,254,-62,25.0,24.0,Clinica,6.38,54,33.38,252,281,-29,13,13
df6f7b7a-67c5-4a52-a39d-8f7375e1c2cb,Tocoginecologia,7.13,49.0,31.63,223,263,-40,22.0,23.0,Tocoginecologia,6.93,58,35.93,225,278,-53,20,20
3d2bc425-9a6b-406d-a08e-713afbbcf3ae,Tocoginecologia,9.02,43.0,30.52,24,268,-244,18.0,11.0,Tocoginecologia,9.02,47,32.52,9,295,-286,11,5
5b0b3642-e886-4507-b01f-4ad1b99b12ed,Tocoginecologia,5.87,49.0,30.37,295,269,26,17.0,23.0,Tocoginecologia,5.87,65,38.37,293,245,48,31,36
7090fdc5-9283-47de-97f8-59b2155d2b77,Tocoginecologia,4.74,47.0,28.24,311,282,29,11.0,18.0,Tocoginecologia,4.74,43,26.24,305,310,-5,1,2
73fd3e67-2ae7-4c34-b147-9cfdb2856b66,Tocoginecologia,4.7,46.0,27.7,312,285,27,9.0,16.0,Tocoginecologia,4.7,54,31.7,306,298,8,9,13
e3929a7d-2ad4-4ee1-8adf-3975bfdb7fb9,Tocoginecologia,8.01,,,112,298,-186,,,Cirugia,8.0,68,42.0,120,169,-49,52,46
15acd9aa-6c82-4a2f-afa2-2de858ee6b83,Tocoginecologia,6.93,,,244,311,-67,,,Cirugia,6.93,73,43.43,270,137,133,60,62
4e9c93e8-870e-4653-b06d-781833e87d9a,Traumatologia,8.02,79.0,47.52,95,6,89,93.0,93.0,Traumatologia,8.02,77,46.52,48,13,35,79,76
ae33f770-9bfc-4705-a78d-23373851a7f8,Traumatologia,7.53,75.0,45.03,146,12,134,86.0,87.0,Traumatologia,7.53,53,34.03,77,147,-70,14,11
0531f0e2-6df4-409c-a5cf-cfa8bd8db0d8,Traumatologia,7.46,73.0,43.96,152,19,133,82.0,83.0,Anestesiologia,7.46,72,43.46,157,177,-20,60,58
2ad72695-4629-48d8-9754-87033b06e321,Traumatologia,7.79,61.0,38.29,124,70,54,53.0,51.0,Cardiologia,7.79,58,36.79,85,172,-87,24,20
1ce251e7-aadc-4d25-9390-480cc4ed8801,Traumatologia,6.28,64.0,38.28,219,71,148,53.0,59.0,NeuroCx,6.28,59,35.78,77,74,3,20,22
0ded03dc-28ec-47a3-910a-4b4b09d0479a,Traumatologia,4.7,67.0,38.2,246,72,174,53.0,68.0,Traumatologia,0.0,49,24.5,195,190,5,0,7
aa2e1165-88f8-4007-a55e-547fcc868e41,Traumatologia,7.13,61.0,37.63,180,78,102,50.0,51.0,Traumatologia,7.13,64,39.13,106,95,11,35,33
abceb023-8f1e-49fa-b358-32dc95850be7,Traumatologia,6.51,61.0,37.01,214,87,127,47.0,51.0,Cirugia,6.51,61,37.01,320,291,29,25,26
99ccf217-0217-4b11-889c-ce3d740df8dd,Traumatologia,7.89,58.0,36.89,111,88,23,46.0,43.0,Traumatologia,4.94,51,30.44,186,161,25,7,9
a1d626fa-15ed-4c8c-938e-3180e927175c,Traumatologia,7.23,51.0,32.73,171,138,33,27.0,26.0,Cirugia,7.23,56,35.23,240,322,-82,18,16
f8a374c7-e3c6-401d-aaaf-b08d24b887dd,Traumatologia,8.37,47.0,31.87,59,150,-91,23.0,18.0,Cirugia,8.37,65,40.87,76,207,-131,44,36
ba442b9a-54d8-49fe-b908-556c81b8ba1d,Traumatologia,7.75,45.0,30.25,128,171,-43,17.0,14.0,Cirugia,7.75,37,26.25,149,403,-254,1,0
df128a4a-f0af-4d13-aa93-0b3985300480,Traumatologia,5.8,45.0,28.3,230,195,35,11.0,14.0,Traumatologia,5.8,49,30.3,168,165,3,6,7
a1515c5e-5220-4d93-95c2-c05864ab8802,Traumatologia,5.28,46.0,28.28,239,197,42,11.0,16.0,Traumatologia,5.28,49,29.78,182,170,12,5,7
89cf0fca-603b-403a-a42d-213cf6e0537a,Traumatologia,6.12,43.0,27.62,222,203,19,9.0,11.0,Traumatologia,6.83,52,32.83,129,154,-25,11,10
d2a5e450-f1ef-4ef2-92b7-905f5ad7545c,Traumatologia,7.38,39.0,26.88,160,209,-49,8.0,6.0,Clinica,7.38,57,35.88,150,267,-117,20,18
942ff0ae-23da-4922-86a8-71785f8e5451,Traumatologia,5.86,41.0,26.36,228,215,13,7.0,8.0,Oftalmologia,5.86,56,33.86,163,156,7,14,16
a61f99a6-8392-41bd-a7a9-d154e7f4ea82,Traumatologia,8.64,35.0,26.14,46,218,-172,6.0,2.0,Cirugia,6.2,46,29.2,351,387,-36,4,4
1f7ff8dd-a5b1-4094-87e3-605480c5ffbb,Traumatologia,6.01,39.0,25.51,224,222,2,5.0,6.0,Cardiologia,6.01,53,32.51,197,205,-8,10,11
e491c23b-e4b2-4787-a974-c3c2071a8298,Traumatologia,5.1,34.0,22.1,243,235,8,1.0,1.0,Traumatologia,5.1,51,30.6,185,160,25,7,9
747ddb25-9ddd-429c-9f59-83e07969da80,Traumatologia,4.0,36.0,22.0,253,236,17,1.0,3.0,Traumatologia,4.0,48,28.0,194,181,13,3,6
979c5a9f-959c-417f-ba33-a35fa52702d6,Traumatologia,4.8,33.0,21.3,245,240,5,1.0,1.0,Traumatologia,4.8,43,26.3,187,187,0,1,2
129a72be-c3a6-4ff9-8724-73ac22228e06,Traumatologia,4.2,34.0,21.2,251,241,10,1.0,1.0,Cirugia,5.2,36,23.2,397,412,-15,0,0
6092d0dc-b6e1-40d8-a2c5-4e7866e0dc68,Traumatologia,,29.0,14.5,260,247,13,0.0,0.0,Cirugia,8.56,41,29.06,57,388,-331,4,1
9358152e-e096-41e8-a89c-c8a4ff71af77,Traumatologia,5.4,,,237,261,-24,,,NeuroCx,5.4,35,22.9,89,91,-2,0,0
9d70f8c9-912a-4b21-abcf-7f7a702a9364,UTI,6.56,80.0,46.56,68,4,64,91.0,94.0,Anestesiologia,6.56,75,44.06,267,157,110,64,69
0e7110a5-4ff1-4967-bce4-4fe195b06f22,UTI,6.93,70.0,41.93,56,18,38,73.0,76.0,Cardiologia,6.93,75,44.43,149,83,66,67,69
16d1ee4f-ecd6-496d-9531-0df849a81ae0,UTI,6.15,71.0,41.65,76,19,57,71.0,78.0,Anestesiologia,6.15,68,40.15,281,233,48,40,46
37c21fc8-5cd7-4844-ad86-143afa435c5b,UTI,7.62,66.0,40.62,39,25,14,66.0,65.0,Cirugia,7.62,67,41.12,171,194,-23,46,42
f2cc487a-b1cf-45b4-9092-b558e40b6a29,UTI,7.28,60.0,37.28,49,36,13,48.0,48.0,Cirugia,7.28,75,44.78,231,106,125,69,69
2aed5e38-2f8f-48b0-bba5-97af8054ad9d,UTI,5.18,55.0,32.68,85,58,27,26.0,36.0,UTI,5.18,68,39.18,79,46,33,35,46
f78e5efd-13a1-40c4-87b2-673f73f1eadd,UTI,4.9,51.0,30.4,87,67,20,17.0,26.0,UTI,4.9,45,27.4,83,86,-3,2,3
702c728e-d649-4926-9150-1b8c26b4854a,UTI,6.7,44.0,28.7,65,73,-8,12.0,13.0,UTI,6.0,52,32.0,71,75,-4,9,10
5806dc31-72ca-4550-839e-e80fc431aa27,UTI,4.7,40.0,24.7,91,85,6,4.0,7.0,Clinica,4.7,50,29.7,305,301,4,5,8
90ed3a8b-3868-4b90-bc90-d737f90dcdb4,Urologia,7.69,79.0,47.19,77,8,69,92.0,93.0,Cirugia,7.69,86,50.69,159,9,150,97,97
077d03d8-6220-4a3e-a240-8e896d34f932,Urologia,7.2,76.0,45.2,107,12,95,87.0,89.0,Urologia,7.2,71,42.7,65,49,16,55,55
3605df5b-75f7-493e-8a79-3c0e8ffe7859,Urologia,7.33,71.0,42.83,103,21,82,77.0,78.0,Urologia,7.33,62,38.33,59,68,-9,31,28
c68b6692-fcbe-4f00-9e23-62bbb881fee6,Urologia,7.52,70.0,42.52,90,22,68,76.0,76.0,Urologia,7.52,67,41.02,53,57,-4,45,42
180804b2-e6ba-4f07-9b83-d48b49f184c0,Urologia,6.28,71.0,41.78,125,26,99,72.0,78.0,Urologia,6.28,61,36.78,87,73,14,24,26
5c1bd982-121c-43d9-bc93-230d9523ee65,Urologia,7.56,68.0,41.56,86,28,58,71.0,70.0,Urologia,7.56,67,41.06,51,56,-5,45,42
208554a8-e062-438c-8017-a37252ec620c,Urologia,7.33,68.0,41.33,104,33,71,70.0,70.0,Urologia,7.25,71,42.75,63,47,16,56,55
afd68e96-c39c-456d-b280-6642c76246e3,Urologia,8.81,65.0,41.31,17,34,-17,69.0,62.0,Urologia,8.81,47,32.31,13,85,-72,10,5
3d78b13f-129e-4df7-90be-d9ece9153f1f,Urologia,6.36,67.0,39.86,122,38,84,62.0,68.0,Urologia,6.36,55,33.86,83,82,1,14,14
06f06701-0b03-4ffa-acf3-a1db6f040e56,Urologia,7.75,64.0,39.75,74,39,35,61.0,59.0,Urologia,7.75,65,40.25,42,60,-18,41,36
4feb0843-7884-4edf-8b37-ab05e74e3834,Urologia,8.02,60.0,38.02,60,57,3,52.0,48.0,Urologia,8.2,66,41.2,29,55,-26,46,39
f96a6ab1-3680-4fba-834e-51be49585879,Urologia,8.02,60.0,38.02,61,58,3,52.0,48.0,Urologia,8.02,78,47.02,34,23,11,82,80
c315397a-bffe-4329-b593-0355543efedc,Urologia,7.2,61.0,37.7,108,61,47,50.0,51.0,Cirugia,7.2,61,37.7,243,282,-39,28,26
70ce2ff4-f093-4deb-bf99-d1e7890dba34,Urologia,8.35,57.0,36.85,39,65,-26,46.0,40.0,Urologia,8.35,59,37.85,26,71,-45,29,22
dc78db1c-8356-4fdc-9ee9-60b830b5abe3,Urologia,6.67,59.0,36.17,118,69,49,43.0,45.0,Anestesiologia,6.67,57,35.17,256,293,-37,18,18
99242fda-8e71-462c-b74b-38a624491cbb,Urologia,9.1,44.0,31.1,8,97,-89,20.0,13.0,Urologia,9.1,67,42.6,7,51,-44,55,42
bf819b7e-5de2-45a4-88ff-28937d60b57c,Urologia,6.3,48.0,30.3,124,104,20,17.0,20.0,Cirugia,6.3,41,26.8,342,402,-60,2,1
bc95d863-7c7b-4259-9cff-55972a32f068,Urologia,7.8,44.0,29.8,71,107,-36,15.0,13.0,Urologia,7.8,47,31.3,41,87,-46,8,5
bcfe474a-4721-43dd-a41b-b92ad20353b6,Urologia,6.4,46.0,29.4,121,108,13,14.0,16.0,Urologia,6.4,52,32.4,82,84,-2,10,10
c9542f2c-9ace-4690-a4dd-f9275c5f2a3c,Urologia,7.61,,,81,127,-46,,,Anestesiologia,7.61,57,36.11,135,285,-150,21,18
29bd5b3d-8eaf-4108-a2fc-019470d51d04,Urologia,7.47,,,96,128,-32,,,Urologia,7.47,47,30.97,54,89,-35,7,5
